GAME_ID,SEASON,DAY_OF_WEEK,MONTH,DAY,YEAR,HOUR,VISITOR_TEAM,VISITOR_POINTS,HOME_TEAM,HOME_POINTS,OT,OTHER
200611010BOS,2007,Wed,11,1,2006,7:30 pm,New Orleans,91,Boston,87
200611010CHA,2007,Wed,11,1,2006,7:00 pm,Indiana,106,Charlotte,99
200611010CLE,2007,Wed,11,1,2006,8:00 pm,Washington,94,Cleveland,97
200611010DET,2007,Wed,11,1,2006,8:00 pm,Milwaukee,105,Detroit,97
200611010GSW,2007,Wed,11,1,2006,7:30 pm,L.A. Lakers,110,Golden State,98
200611010MEM,2007,Wed,11,1,2006,7:00 pm,New York,118,Memphis,117,3OT
200611010MIN,2007,Wed,11,1,2006,7:00 pm,Sacramento,83,Minnesota,92
200611010NJN,2007,Wed,11,1,2006,7:30 pm,Toronto,92,Brooklyn,102
200611010ORL,2007,Wed,11,1,2006,7:00 pm,Chicago,94,Orlando,109
200611010PHI,2007,Wed,11,1,2006,7:00 pm,Atlanta,75,Philadelphia,88
200611010PHO,2007,Wed,11,1,2006,8:30 pm,L.A. Clippers,104,Phoenix,112
200611010SEA,2007,Wed,11,1,2006,7:00 pm,Portland,110,Seattle,106
200611010UTA,2007,Wed,11,1,2006,7:00 pm,Houston,97,Utah,107
200611020DAL,2007,Thu,11,2,2006,7:00 pm,San Antonio,97,Dallas,91
200611020LAC,2007,Thu,11,2,2006,7:30 pm,Denver,95,L.A. Clippers,96
200611030ATL,2007,Fri,11,3,2006,7:30 pm,New York,92,Atlanta,102
200611030BOS,2007,Fri,11,3,2006,7:30 pm,Detroit,101,Boston,88
200611030CHI,2007,Fri,11,3,2006,7:30 pm,Sacramento,89,Chicago,88
200611030DEN,2007,Fri,11,3,2006,7:00 pm,Minnesota,112,Denver,109
200611030GSW,2007,Fri,11,3,2006,7:30 pm,Portland,89,Golden State,102
200611030IND,2007,Fri,11,3,2006,7:00 pm,New Orleans,100,Indiana,91
200611030LAL,2007,Fri,11,3,2006,7:30 pm,Seattle,112,L.A. Lakers,118
200611030MEM,2007,Fri,11,3,2006,7:00 pm,Charlotte,83,Memphis,96
200611030MIA,2007,Fri,11,3,2006,7:30 pm,Brooklyn,85,Miami,91
200611030ORL,2007,Fri,11,3,2006,7:00 pm,Philadelphia,105,Orlando,103
200611030PHO,2007,Fri,11,3,2006,7:00 pm,Utah,108,Phoenix,104
200611030SAS,2007,Fri,11,3,2006,7:00 pm,Cleveland,88,San Antonio,81
200611030TOR,2007,Fri,11,3,2006,7:00 pm,Milwaukee,92,Toronto,109
200611040CHA,2007,Sat,11,4,2006,7:00 pm,Cleveland,88,Charlotte,92
200611040DET,2007,Sat,11,4,2006,7:30 pm,Memphis,86,Detroit,95
200611040HOU,2007,Sat,11,4,2006,7:30 pm,Dallas,76,Houston,107
200611040LAC,2007,Sat,11,4,2006,7:30 pm,Phoenix,108,L.A. Clippers,114
200611040MIL,2007,Sat,11,4,2006,7:30 pm,Sacramento,91,Milwaukee,104
200611040NYK,2007,Sat,11,4,2006,7:30 pm,Indiana,109,New York,95
200611040POR,2007,Sat,11,4,2006,7:00 pm,Minnesota,86,Portland,88
200611040UTA,2007,Sat,11,4,2006,7:00 pm,Golden State,82,Utah,106
200611040WAS,2007,Sat,11,4,2006,7:00 pm,Boston,117,Washington,124
200611050ATL,2007,Sun,11,5,2006,2:00 pm,Orlando,82,Atlanta,95
200611050NOK,2007,Sun,11,5,2006,6:00 pm,Houston,90,New Orleans,96,"at New Orleans, LA"
200611050PHI,2007,Sun,11,5,2006,2:00 pm,Miami,98,Philadelphia,107
200611050SEA,2007,Sun,11,5,2006,6:00 pm,L.A. Lakers,101,Seattle,117
200611050TOR,2007,Sun,11,5,2006,1:00 pm,San Antonio,103,Toronto,94
200611060CHI,2007,Mon,11,6,2006,7:30 pm,Milwaukee,85,Chicago,110
200611060DAL,2007,Mon,11,6,2006,7:30 pm,Golden State,107,Dallas,104
200611060LAC,2007,Mon,11,6,2006,7:30 pm,Portland,89,L.A. Clippers,102
200611060NYK,2007,Mon,11,6,2006,7:30 pm,San Antonio,105,New York,93
200611060ORL,2007,Mon,11,6,2006,7:00 pm,Washington,103,Orlando,106
200611060SAC,2007,Mon,11,6,2006,7:00 pm,Minnesota,81,Sacramento,93
200611060UTA,2007,Mon,11,6,2006,7:00 pm,Detroit,101,Utah,103
200611070CLE,2007,Tue,11,7,2006,7:00 pm,Atlanta,104,Cleveland,95,OT
200611070IND,2007,Tue,11,7,2006,7:00 pm,Philadelphia,86,Indiana,97
200611070LAL,2007,Tue,11,7,2006,7:30 pm,Minnesota,88,L.A. Lakers,95
200611070MEM,2007,Tue,11,7,2006,7:00 pm,Houston,86,Memphis,80
200611070MIA,2007,Tue,11,7,2006,7:30 pm,Seattle,87,Miami,90
200611070NOK,2007,Tue,11,7,2006,7:00 pm,Golden State,93,New Orleans,97
200611080BOS,2007,Wed,11,8,2006,7:30 pm,Charlotte,108,Boston,110,OT
200611080DEN,2007,Wed,11,8,2006,7:00 pm,New York,109,Denver,107
200611080LAC,2007,Wed,11,8,2006,7:30 pm,Dallas,85,L.A. Clippers,103
200611080MIL,2007,Wed,11,8,2006,7:00 pm,Houston,97,Milwaukee,93
200611080NJN,2007,Wed,11,8,2006,7:30 pm,Utah,89,Brooklyn,96
200611080ORL,2007,Wed,11,8,2006,7:00 pm,Seattle,87,Orlando,88
200611080POR,2007,Wed,11,8,2006,7:00 pm,L.A. Lakers,90,Portland,101
200611080SAC,2007,Wed,11,8,2006,7:30 pm,Detroit,86,Sacramento,99
200611080SAS,2007,Wed,11,8,2006,7:00 pm,Phoenix,106,San Antonio,111,OT
200611080TOR,2007,Wed,11,8,2006,7:00 pm,Philadelphia,104,Toronto,106
200611080WAS,2007,Wed,11,8,2006,7:00 pm,Indiana,91,Washington,117
200611090CLE,2007,Thu,11,9,2006,8:00 pm,Chicago,94,Cleveland,113
200611090GSW,2007,Thu,11,9,2006,7:30 pm,New Orleans,116,Golden State,121
200611090PHO,2007,Thu,11,9,2006,8:30 pm,Dallas,119,Phoenix,112
200611100BOS,2007,Fri,11,10,2006,7:30 pm,Utah,107,Boston,100
200611100CHA,2007,Fri,11,10,2006,7:00 pm,Seattle,99,Charlotte,85
200611100HOU,2007,Fri,11,10,2006,7:30 pm,New York,94,Houston,103
200611100IND,2007,Fri,11,10,2006,7:00 pm,Orlando,83,Indiana,93
200611100LAL,2007,Fri,11,10,2006,7:30 pm,Detroit,97,L.A. Lakers,83
200611100NJN,2007,Fri,11,10,2006,8:00 pm,Miami,113,Brooklyn,106
200611100PHI,2007,Fri,11,10,2006,7:00 pm,Denver,108,Philadelphia,101
200611100POR,2007,Fri,11,10,2006,7:00 pm,New Orleans,91,Portland,92
200611100TOR,2007,Fri,11,10,2006,7:00 pm,Atlanta,111,Toronto,102
200611100WAS,2007,Fri,11,10,2006,7:00 pm,Milwaukee,111,Washington,116
200611110ATL,2007,Sat,11,11,2006,7:00 pm,Seattle,113,Atlanta,112,OT
200611110CHI,2007,Sat,11,11,2006,7:30 pm,Indiana,80,Chicago,89
200611110CLE,2007,Sat,11,11,2006,7:30 pm,Boston,93,Cleveland,94
200611110GSW,2007,Sat,11,11,2006,7:30 pm,Detroit,79,Golden State,111
200611110MIL,2007,Sat,11,11,2006,7:30 pm,Utah,113,Milwaukee,111
200611110MIN,2007,Sat,11,11,2006,7:00 pm,Orlando,109,Minnesota,98
200611110PHO,2007,Sat,11,11,2006,7:00 pm,Memphis,87,Phoenix,96
200611110SAS,2007,Sat,11,11,2006,7:00 pm,New York,92,San Antonio,100
200611120CHA,2007,Sun,11,12,2006,6:00 pm,Denver,108,Charlotte,101
200611120LAC,2007,Sun,11,12,2006,12:30 pm,New Orleans,76,L.A. Clippers,92
200611120LAL,2007,Sun,11,12,2006,6:30 pm,Memphis,81,L.A. Lakers,91
200611120MIA,2007,Sun,11,12,2006,8:00 pm,Houston,94,Miami,72
200611120POR,2007,Sun,11,12,2006,6:00 pm,Dallas,103,Portland,96
200611120SAC,2007,Sun,11,12,2006,6:00 pm,Toronto,92,Sacramento,107
200611120WAS,2007,Sun,11,12,2006,6:00 pm,Brooklyn,105,Washington,93,OT
200611130BOS,2007,Mon,11,13,2006,7:30 pm,Orlando,92,Boston,89
200611130NJN,2007,Mon,11,13,2006,7:30 pm,Seattle,119,Brooklyn,113
200611130NYK,2007,Mon,11,13,2006,7:30 pm,Cleveland,102,New York,96
200611140ATL,2007,Tue,11,14,2006,7:00 pm,Milwaukee,103,Atlanta,101
200611140DAL,2007,Tue,11,14,2006,7:30 pm,Chicago,99,Dallas,111
200611140GSW,2007,Tue,11,14,2006,7:30 pm,Toronto,99,Golden State,110
200611140HOU,2007,Tue,11,14,2006,7:30 pm,San Antonio,92,Houston,84
200611140MIA,2007,Tue,11,14,2006,7:30 pm,Denver,112,Miami,105
200611140MIN,2007,Tue,11,14,2006,7:00 pm,Portland,89,Minnesota,101
200611140NOK,2007,Tue,11,14,2006,7:00 pm,Charlotte,85,New Orleans,94
200611140UTA,2007,Tue,11,14,2006,7:00 pm,L.A. Clippers,90,Utah,112
200611150BOS,2007,Wed,11,15,2006,7:30 pm,Indiana,88,Boston,114
200611150CLE,2007,Wed,11,15,2006,7:00 pm,Portland,87,Cleveland,100
200611150DET,2007,Wed,11,15,2006,7:30 pm,New Orleans,100,Detroit,99
200611150NJN,2007,Wed,11,15,2006,7:30 pm,Milwaukee,87,Brooklyn,100
200611150NYK,2007,Wed,11,15,2006,7:30 pm,Washington,82,New York,102
200611150ORL,2007,Wed,11,15,2006,7:00 pm,Denver,99,Orlando,108
200611150SAC,2007,Wed,11,15,2006,6:00 pm,Memphis,111,Sacramento,115
200611150SAS,2007,Wed,11,15,2006,7:00 pm,Charlotte,95,San Antonio,92,OT
200611150SEA,2007,Wed,11,15,2006,7:00 pm,Philadelphia,96,Seattle,90
200611160GSW,2007,Thu,11,16,2006,7:30 pm,Sacramento,105,Golden State,117
200611160HOU,2007,Thu,11,16,2006,7:00 pm,Chicago,100,Houston,101
200611170BOS,2007,Fri,11,17,2006,7:30 pm,Portland,90,Boston,118
200611170CLE,2007,Fri,11,17,2006,7:30 pm,Minnesota,76,Cleveland,92
200611170DET,2007,Fri,11,17,2006,8:00 pm,Washington,91,Detroit,100
200611170IND,2007,Fri,11,17,2006,7:00 pm,Brooklyn,100,Indiana,91
200611170LAL,2007,Fri,11,17,2006,7:30 pm,Toronto,100,L.A. Lakers,107
200611170MEM,2007,Fri,11,17,2006,7:00 pm,Dallas,115,Memphis,103
200611170MIA,2007,Fri,11,17,2006,7:30 pm,New York,100,Miami,76
200611170PHO,2007,Fri,11,17,2006,8:30 pm,Philadelphia,94,Phoenix,106
200611170SAS,2007,Fri,11,17,2006,7:00 pm,Chicago,83,San Antonio,100
200611170SEA,2007,Fri,11,17,2006,7:30 pm,Utah,118,Seattle,109
200611180ATL,2007,Sat,11,18,2006,7:00 pm,Miami,93,Atlanta,88,OT
200611180DAL,2007,Sat,11,18,2006,7:30 pm,Memphis,84,Dallas,89
200611180DEN,2007,Sat,11,18,2006,7:00 pm,Toronto,109,Denver,117
200611180DET,2007,Sat,11,18,2006,7:30 pm,Houston,92,Detroit,104
200611180GSW,2007,Sat,11,18,2006,7:30 pm,Seattle,95,Golden State,107
200611180LAC,2007,Sat,11,18,2006,7:30 pm,Philadelphia,97,L.A. Clippers,103,OT
200611180MIL,2007,Sat,11,18,2006,7:30 pm,Indiana,102,Milwaukee,100
200611180MIN,2007,Sat,11,18,2006,7:00 pm,New Orleans,99,Minnesota,96
200611180NJN,2007,Sat,11,18,2006,7:30 pm,Portland,86,Brooklyn,68
200611180NYK,2007,Sat,11,18,2006,7:30 pm,Boston,122,New York,118
200611180ORL,2007,Sat,11,18,2006,7:00 pm,Charlotte,83,Orlando,97
200611180UTA,2007,Sat,11,18,2006,7:00 pm,Phoenix,117,Utah,120,OT
200611180WAS,2007,Sat,11,18,2006,7:00 pm,Cleveland,99,Washington,111
200611190LAL,2007,Sun,11,19,2006,5:00 pm,Chicago,72,L.A. Lakers,82
200611190SAC,2007,Sun,11,19,2006,6:00 pm,San Antonio,108,Sacramento,99
200611200CHA,2007,Mon,11,20,2006,7:00 pm,Dallas,93,Charlotte,85
200611200GSW,2007,Mon,11,20,2006,7:30 pm,Phoenix,113,Golden State,110
200611200MEM,2007,Mon,11,20,2006,7:00 pm,Orlando,86,Memphis,95
200611200NYK,2007,Mon,11,20,2006,7:30 pm,Houston,97,New York,90
200611200POR,2007,Mon,11,20,2006,7:00 pm,San Antonio,107,Portland,98
200611200SEA,2007,Mon,11,20,2006,7:00 pm,Brooklyn,87,Seattle,99
200611200UTA,2007,Mon,11,20,2006,7:00 pm,Toronto,96,Utah,101
200611210CLE,2007,Tue,11,21,2006,7:00 pm,Memphis,94,Cleveland,97
200611210DAL,2007,Tue,11,21,2006,7:30 pm,Washington,80,Dallas,107
200611210DEN,2007,Tue,11,21,2006,7:00 pm,Chicago,109,Denver,113
200611210IND,2007,Tue,11,21,2006,7:00 pm,Milwaukee,88,Indiana,93
200611210LAL,2007,Tue,11,21,2006,7:30 pm,L.A. Clippers,101,L.A. Lakers,105
200611210NOK,2007,Tue,11,21,2006,7:00 pm,Miami,86,New Orleans,101
200611210PHI,2007,Tue,11,21,2006,7:00 pm,Detroit,97,Philadelphia,87
200611220CHA,2007,Wed,11,22,2006,7:00 pm,Boston,83,Charlotte,92
200611220DET,2007,Wed,11,22,2006,7:30 pm,Atlanta,98,Detroit,103
200611220GSW,2007,Wed,11,22,2006,7:30 pm,Denver,115,Golden State,112
200611220HOU,2007,Wed,11,22,2006,7:30 pm,Washington,82,Houston,86
200611220LAC,2007,Wed,11,22,2006,7:30 pm,Seattle,95,L.A. Clippers,85
200611220MIL,2007,Wed,11,22,2006,7:00 pm,Philadelphia,94,Milwaukee,98
200611220MIN,2007,Wed,11,22,2006,7:00 pm,New York,89,Minnesota,107
200611220ORL,2007,Wed,11,22,2006,7:00 pm,Indiana,91,Orlando,96
200611220PHO,2007,Wed,11,22,2006,7:00 pm,New Orleans,83,Phoenix,92
200611220POR,2007,Wed,11,22,2006,7:00 pm,Brooklyn,97,Portland,100
200611220SAC,2007,Wed,11,22,2006,7:00 pm,Utah,110,Sacramento,101
200611220SAS,2007,Wed,11,22,2006,6:30 pm,Miami,86,San Antonio,106
200611220TOR,2007,Wed,11,22,2006,7:00 pm,Cleveland,87,Toronto,95
200611240ATL,2007,Fri,11,24,2006,7:30 pm,Toronto,93,Atlanta,97
200611240BOS,2007,Fri,11,24,2006,7:30 pm,New York,101,Boston,77
200611240DEN,2007,Fri,11,24,2006,7:00 pm,Golden State,129,Denver,140
200611240DET,2007,Fri,11,24,2006,8:00 pm,Charlotte,95,Detroit,104
200611240IND,2007,Fri,11,24,2006,8:00 pm,Cleveland,87,Indiana,97
200611240MEM,2007,Fri,11,24,2006,7:00 pm,Washington,80,Memphis,95
200611240MIA,2007,Fri,11,24,2006,7:30 pm,Orlando,107,Miami,104
200611240NOK,2007,Fri,11,24,2006,7:00 pm,Minnesota,86,New Orleans,79
200611240PHI,2007,Fri,11,24,2006,7:30 pm,Chicago,108,Philadelphia,123
200611240PHO,2007,Fri,11,24,2006,8:30 pm,Brooklyn,93,Phoenix,99
200611240SAS,2007,Fri,11,24,2006,7:00 pm,Dallas,95,San Antonio,92
200611240SEA,2007,Fri,11,24,2006,7:30 pm,Sacramento,109,Seattle,100
200611240UTA,2007,Fri,11,24,2006,7:00 pm,L.A. Lakers,108,Utah,114
200611250CHA,2007,Sat,11,25,2006,7:00 pm,Miami,102,Charlotte,93
200611250CLE,2007,Sat,11,25,2006,7:30 pm,Philadelphia,95,Cleveland,108
200611250DAL,2007,Sat,11,25,2006,7:30 pm,New Orleans,73,Dallas,85
200611250GSW,2007,Sat,11,25,2006,7:30 pm,Utah,78,Golden State,91
200611250HOU,2007,Sat,11,25,2006,7:30 pm,Memphis,76,Houston,85
200611250MIL,2007,Sat,11,25,2006,8:00 pm,Boston,111,Milwaukee,98
200611250MIN,2007,Sat,11,25,2006,7:00 pm,L.A. Clippers,96,Minnesota,104
200611250NYK,2007,Sat,11,25,2006,7:30 pm,Chicago,106,New York,95
200611250ORL,2007,Sat,11,25,2006,7:00 pm,Atlanta,79,Orlando,98
200611250SAC,2007,Sat,11,25,2006,7:00 pm,Portland,85,Sacramento,105
200611250WAS,2007,Sat,11,25,2006,7:00 pm,Detroit,115,Washington,111
200611260DEN,2007,Sun,11,26,2006,6:00 pm,L.A. Clippers,88,Denver,103
200611260LAL,2007,Sun,11,26,2006,6:30 pm,Brooklyn,93,L.A. Lakers,99
200611260POR,2007,Sun,11,26,2006,6:00 pm,Phoenix,119,Portland,101
200611260SEA,2007,Sun,11,26,2006,6:00 pm,San Antonio,98,Seattle,78
200611260TOR,2007,Sun,11,26,2006,1:00 pm,Indiana,83,Toronto,92
200611270DAL,2007,Mon,11,27,2006,7:30 pm,Minnesota,87,Dallas,93
200611270GSW,2007,Mon,11,27,2006,7:30 pm,San Antonio,102,Golden State,111
200611270MIA,2007,Mon,11,27,2006,7:30 pm,Philadelphia,91,Miami,103
200611270UTA,2007,Mon,11,27,2006,7:00 pm,Orlando,88,Utah,75
200611280CHI,2007,Tue,11,28,2006,7:30 pm,New York,85,Chicago,102
200611280DEN,2007,Tue,11,28,2006,7:00 pm,Memphis,108,Denver,96
200611280HOU,2007,Tue,11,28,2006,7:30 pm,Minnesota,75,Houston,82
200611280LAL,2007,Tue,11,28,2006,7:30 pm,Milwaukee,109,L.A. Lakers,105
200611280NJN,2007,Tue,11,28,2006,7:30 pm,Charlotte,96,Brooklyn,92
200611280NOK,2007,Tue,11,28,2006,7:00 pm,Toronto,94,New Orleans,77
200611280POR,2007,Tue,11,28,2006,7:00 pm,Indiana,105,Portland,97
200611280SAC,2007,Tue,11,28,2006,7:00 pm,L.A. Clippers,80,Sacramento,93
200611280WAS,2007,Tue,11,28,2006,7:00 pm,Atlanta,95,Washington,96
200611290ATL,2007,Wed,11,29,2006,7:00 pm,Charlotte,90,Atlanta,99
200611290BOS,2007,Wed,11,29,2006,7:30 pm,Brooklyn,106,Boston,103
200611290CLE,2007,Wed,11,29,2006,7:00 pm,New York,101,Cleveland,98
200611290DAL,2007,Wed,11,29,2006,7:30 pm,Toronto,98,Dallas,117
200611290GSW,2007,Wed,11,29,2006,7:30 pm,Indiana,108,Golden State,106
200611290LAC,2007,Wed,11,29,2006,7:30 pm,Memphis,90,L.A. Clippers,105
200611290PHO,2007,Wed,11,29,2006,7:00 pm,Houston,91,Phoenix,102
200611290SEA,2007,Wed,11,29,2006,7:00 pm,Orlando,94,Seattle,84
200611290UTA,2007,Wed,11,29,2006,7:00 pm,San Antonio,75,Utah,83
200611300LAL,2007,Thu,11,30,2006,7:30 pm,Utah,102,L.A. Lakers,132
200611300MIA,2007,Thu,11,30,2006,8:00 pm,Detroit,87,Miami,85
200706020CLE,2007,Sat,06,2,2007,8:30 pm,Detroit,82,Cleveland,98
200706070SAS,2007,Thu,06,7,2007,8:00 pm,Cleveland,76,San Antonio,85
200706100SAS,2007,Sun,06,10,2007,8:00 pm,Cleveland,92,San Antonio,103
200706120CLE,2007,Tue,06,12,2007,9:00 pm,San Antonio,75,Cleveland,72
200706140CLE,2007,Thu,06,14,2007,9:00 pm,San Antonio,83,Cleveland,82
200705010DAL,2007,Tue,05,1,2007,8:30 pm,Golden State,112,Dallas,118
200705010TOR,2007,Tue,05,1,2007,7:00 pm,Brooklyn,96,Toronto,98
200705020PHO,2007,Wed,05,2,2007,7:30 pm,L.A. Lakers,110,Phoenix,119
200705020SAS,2007,Wed,05,2,2007,7:00 pm,Denver,78,San Antonio,93
200705030GSW,2007,Thu,05,3,2007,7:30 pm,Dallas,86,Golden State,111
200705030UTA,2007,Thu,05,3,2007,6:00 pm,Houston,82,Utah,94
200705040NJN,2007,Fri,05,4,2007,8:00 pm,Toronto,97,Brooklyn,98
200705050DET,2007,Sat,05,5,2007,7:00 pm,Chicago,69,Detroit,95
200705050HOU,2007,Sat,05,5,2007,8:30 pm,Utah,103,Houston,99
200705060CLE,2007,Sun,05,6,2007,1:00 pm,Brooklyn,77,Cleveland,81
200705060PHO,2007,Sun,05,6,2007,12:30 pm,San Antonio,111,Phoenix,106
200705070DET,2007,Mon,05,7,2007,8:00 pm,Chicago,87,Detroit,108
200705070UTA,2007,Mon,05,7,2007,8:30 pm,Golden State,112,Utah,116
200705080CLE,2007,Tue,05,8,2007,8:00 pm,Brooklyn,92,Cleveland,102
200705080PHO,2007,Tue,05,8,2007,7:30 pm,San Antonio,81,Phoenix,101
200705090UTA,2007,Wed,05,9,2007,7:00 pm,Golden State,117,Utah,127,OT
200705100CHI,2007,Thu,05,10,2007,8:00 pm,Detroit,81,Chicago,74
200705110GSW,2007,Fri,05,11,2007,6:00 pm,Utah,105,Golden State,125
200705120NJN,2007,Sat,05,12,2007,5:00 pm,Cleveland,85,Brooklyn,96
200705120SAS,2007,Sat,05,12,2007,7:00 pm,Phoenix,101,San Antonio,108
200705130CHI,2007,Sun,05,13,2007,2:30 pm,Detroit,87,Chicago,102
200705130GSW,2007,Sun,05,13,2007,6:00 pm,Utah,115,Golden State,101
200705140NJN,2007,Mon,05,14,2007,7:00 pm,Cleveland,87,Brooklyn,85
200705140SAS,2007,Mon,05,14,2007,8:30 pm,Phoenix,104,San Antonio,98
200705150DET,2007,Tue,05,15,2007,8:00 pm,Chicago,108,Detroit,92
200705150UTA,2007,Tue,05,15,2007,8:30 pm,Golden State,87,Utah,100
200705160CLE,2007,Wed,05,16,2007,8:00 pm,Brooklyn,83,Cleveland,72
200705160PHO,2007,Wed,05,16,2007,7:30 pm,San Antonio,88,Phoenix,85
200705170CHI,2007,Thu,05,17,2007,7:00 pm,Detroit,95,Chicago,85
200705180NJN,2007,Fri,05,18,2007,7:00 pm,Cleveland,88,Brooklyn,72
200705180SAS,2007,Fri,05,18,2007,9:30 pm,Phoenix,106,San Antonio,114
200705200SAS,2007,Sun,05,20,2007,2:30 pm,Utah,100,San Antonio,108
200705210DET,2007,Mon,05,21,2007,8:00 pm,Cleveland,76,Detroit,79
200705220SAS,2007,Tue,05,22,2007,8:00 pm,Utah,96,San Antonio,105
200705240DET,2007,Thu,05,24,2007,8:00 pm,Cleveland,76,Detroit,79
200705260UTA,2007,Sat,05,26,2007,6:30 pm,San Antonio,83,Utah,109
200705270CLE,2007,Sun,05,27,2007,8:30 pm,Detroit,82,Cleveland,88
200705280UTA,2007,Mon,05,28,2007,7:00 pm,San Antonio,91,Utah,79
200705290CLE,2007,Tue,05,29,2007,8:00 pm,Detroit,87,Cleveland,91
200705300SAS,2007,Wed,05,30,2007,8:00 pm,Utah,84,San Antonio,109
200705310DET,2007,Thu,05,31,2007,8:00 pm,Cleveland,109,Detroit,107,2OT
200701010CHA,2007,Mon,01,1,2007,7:00 pm,Minnesota,102,Charlotte,96
200701010POR,2007,Mon,01,1,2007,7:00 pm,Boston,89,Portland,81
200701020CHI,2007,Tue,01,2,2007,7:30 pm,Phoenix,97,Chicago,96
200701020CLE,2007,Tue,01,2,2007,7:00 pm,San Antonio,78,Cleveland,82
200701020DAL,2007,Tue,01,2,2007,7:30 pm,Seattle,88,Dallas,112
200701020DEN,2007,Tue,01,2,2007,7:00 pm,Philadelphia,108,Denver,97
200701020NOK,2007,Tue,01,2,2007,7:00 pm,Golden State,97,New Orleans,89
200701020ORL,2007,Tue,01,2,2007,7:00 pm,L.A. Clippers,86,Orlando,91
200701020SAC,2007,Tue,01,2,2007,7:00 pm,New York,100,Sacramento,112
200701030BOS,2007,Wed,01,3,2007,7:30 pm,Cleveland,107,Boston,104
200701030HOU,2007,Wed,01,3,2007,7:30 pm,Seattle,96,Houston,103
200701030MEM,2007,Wed,01,3,2007,7:00 pm,Golden State,135,Memphis,144
200701030MIA,2007,Wed,01,3,2007,7:30 pm,L.A. Clippers,110,Miami,95
200701030MIN,2007,Wed,01,3,2007,7:00 pm,San Antonio,101,Minnesota,103,OT
200701030POR,2007,Wed,01,3,2007,7:00 pm,New York,99,Portland,81
200701030TOR,2007,Wed,01,3,2007,7:00 pm,Phoenix,100,Toronto,98
200701030UTA,2007,Wed,01,3,2007,7:00 pm,Philadelphia,87,Utah,98
200701030WAS,2007,Wed,01,3,2007,7:00 pm,Milwaukee,105,Washington,108
200701040DAL,2007,Thu,01,4,2007,7:30 pm,Indiana,91,Dallas,100
200701040NOK,2007,Thu,01,4,2007,7:00 pm,Detroit,92,New Orleans,68
200701040SAC,2007,Thu,01,4,2007,7:30 pm,L.A. Lakers,132,Sacramento,128,OT
200701050HOU,2007,Fri,01,5,2007,7:30 pm,Utah,86,Houston,100
200701050LAL,2007,Fri,01,5,2007,7:30 pm,Denver,104,L.A. Lakers,123
200701050MEM,2007,Fri,01,5,2007,7:00 pm,Boston,128,Memphis,119
200701050MIL,2007,Fri,01,5,2007,7:30 pm,Cleveland,95,Milwaukee,86
200701050MIN,2007,Fri,01,5,2007,7:00 pm,Philadelphia,102,Minnesota,104,OT
200701050NJN,2007,Fri,01,5,2007,7:30 pm,Chicago,86,Brooklyn,91
200701050ORL,2007,Fri,01,5,2007,7:00 pm,Charlotte,74,Orlando,106
200701050PHO,2007,Fri,01,5,2007,8:30 pm,Miami,80,Phoenix,108
200701050SAS,2007,Fri,01,5,2007,7:00 pm,Dallas,90,San Antonio,85
200701050SEA,2007,Fri,01,5,2007,7:30 pm,New York,111,Seattle,93
200701050TOR,2007,Fri,01,5,2007,7:00 pm,Atlanta,92,Toronto,105
200701050WAS,2007,Fri,01,5,2007,7:00 pm,L.A. Clippers,105,Washington,116
200701060ATL,2007,Sat,01,6,2007,7:00 pm,L.A. Clippers,74,Atlanta,86
200701060CHI,2007,Sat,01,6,2007,7:30 pm,Detroit,89,Chicago,106
200701060CLE,2007,Sat,01,6,2007,7:30 pm,Brooklyn,91,Cleveland,96
200701060DEN,2007,Sat,01,6,2007,7:00 pm,Utah,96,Denver,84
200701060GSW,2007,Sat,01,6,2007,7:30 pm,Seattle,104,Golden State,108
200701060NOK,2007,Sat,01,6,2007,7:00 pm,Indiana,100,New Orleans,93
200701060SAC,2007,Sat,01,6,2007,7:00 pm,Portland,110,Sacramento,105,OT
200701070LAL,2007,Sun,01,7,2007,6:30 pm,Dallas,98,L.A. Lakers,101
200701070MEM,2007,Sun,01,7,2007,3:00 pm,San Antonio,110,Memphis,96
200701070MIN,2007,Sun,01,7,2007,2:30 pm,Houston,99,Minnesota,103,OT
200701070ORL,2007,Sun,01,7,2007,6:00 pm,Boston,79,Orlando,87
200701070PHO,2007,Sun,01,7,2007,6:00 pm,Golden State,105,Phoenix,128
200701070POR,2007,Sun,01,7,2007,6:00 pm,Miami,93,Portland,90
200701070TOR,2007,Sun,01,7,2007,1:00 pm,Washington,111,Toronto,116
200701080CHI,2007,Mon,01,8,2007,7:30 pm,Houston,84,Chicago,77
200701080DEN,2007,Mon,01,8,2007,7:00 pm,Milwaukee,92,Denver,104
200701080NOK,2007,Mon,01,8,2007,7:00 pm,L.A. Clippers,100,New Orleans,90
200701090IND,2007,Tue,01,9,2007,7:00 pm,Atlanta,72,Indiana,91
200701090MEM,2007,Tue,01,9,2007,7:00 pm,L.A. Lakers,118,Memphis,128
200701090NJN,2007,Tue,01,9,2007,7:30 pm,Toronto,86,Brooklyn,101
200701090PHI,2007,Tue,01,9,2007,7:00 pm,Detroit,98,Philadelphia,89
200701090PHO,2007,Tue,01,9,2007,7:00 pm,Seattle,102,Phoenix,113
200701090SAC,2007,Tue,01,9,2007,7:00 pm,Cleveland,108,Sacramento,98
200701090SAS,2007,Tue,01,9,2007,7:00 pm,Portland,84,San Antonio,98
200701090UTA,2007,Tue,01,9,2007,7:00 pm,Dallas,108,Utah,105
200701100ATL,2007,Wed,01,10,2007,7:00 pm,New Orleans,96,Atlanta,77
200701100BOS,2007,Wed,01,10,2007,7:30 pm,Indiana,97,Boston,84
200701100DAL,2007,Wed,01,10,2007,7:30 pm,Portland,74,Dallas,99
200701100DEN,2007,Wed,01,10,2007,7:00 pm,San Antonio,92,Denver,83
200701100DET,2007,Wed,01,10,2007,7:30 pm,Charlotte,103,Detroit,96
200701100GSW,2007,Wed,01,10,2007,7:30 pm,Orlando,91,Golden State,76
200701100HOU,2007,Wed,01,10,2007,7:30 pm,L.A. Lakers,77,Houston,102
200701100MIL,2007,Wed,01,10,2007,7:00 pm,Toronto,90,Milwaukee,77
200701100MIN,2007,Wed,01,10,2007,7:00 pm,L.A. Clippers,92,Minnesota,91
200701100NYK,2007,Wed,01,10,2007,7:30 pm,Philadelphia,99,New York,106
200701100SEA,2007,Wed,01,10,2007,7:00 pm,Miami,107,Seattle,103
200701100WAS,2007,Wed,01,10,2007,7:00 pm,Chicago,103,Washington,113
200701110CHI,2007,Thu,01,11,2007,7:00 pm,Brooklyn,86,Chicago,83
200701110PHO,2007,Thu,01,11,2007,8:30 pm,Cleveland,90,Phoenix,109
200701120ATL,2007,Fri,01,12,2007,7:30 pm,Detroit,93,Atlanta,99
200701120BOS,2007,Fri,01,12,2007,7:30 pm,Toronto,95,Boston,86
200701120DEN,2007,Fri,01,12,2007,8:30 pm,Houston,90,Denver,86
200701120GSW,2007,Fri,01,12,2007,7:30 pm,Miami,118,Golden State,96
200701120IND,2007,Fri,01,12,2007,7:00 pm,Dallas,115,Indiana,113,OT
200701120LAL,2007,Fri,01,12,2007,7:30 pm,Orlando,106,L.A. Lakers,109
200701120MEM,2007,Fri,01,12,2007,7:00 pm,Minnesota,116,Memphis,110
200701120NOK,2007,Fri,01,12,2007,7:00 pm,Washington,97,New Orleans,104
200701120NYK,2007,Fri,01,12,2007,7:30 pm,Charlotte,126,New York,110
200701120PHI,2007,Fri,01,12,2007,7:00 pm,Milwaukee,97,Philadelphia,110
200701120POR,2007,Fri,01,12,2007,7:00 pm,Sacramento,87,Portland,95
200701120SEA,2007,Fri,01,12,2007,7:30 pm,Utah,114,Seattle,122,OT
200701130CHA,2007,Sat,01,13,2007,7:00 pm,Philadelphia,83,Charlotte,89
200701130CHI,2007,Sat,01,13,2007,7:30 pm,Memphis,66,Chicago,111
200701130DET,2007,Sat,01,13,2007,7:30 pm,Boston,73,Detroit,81
200701130LAC,2007,Sat,01,13,2007,7:30 pm,Cleveland,104,L.A. Clippers,92
200701130MIN,2007,Sat,01,13,2007,7:00 pm,Brooklyn,98,Minnesota,109
200701130PHO,2007,Sat,01,13,2007,7:00 pm,Orlando,101,Phoenix,107
200701130SAC,2007,Sat,01,13,2007,7:00 pm,Houston,115,Sacramento,111,OT
200701130SAS,2007,Sat,01,13,2007,7:00 pm,Washington,80,San Antonio,93
200701130UTA,2007,Sat,01,13,2007,7:00 pm,Miami,119,Utah,110
200701140POR,2007,Sun,01,14,2007,6:00 pm,Denver,109,Portland,93
200701140TOR,2007,Sun,01,14,2007,1:00 pm,Dallas,97,Toronto,96
200701150ATL,2007,Mon,01,15,2007,2:00 pm,Boston,96,Atlanta,100
200701150CHA,2007,Mon,01,15,2007,1:00 pm,Milwaukee,99,Charlotte,91
200701150CHI,2007,Mon,01,15,2007,1:00 pm,San Antonio,87,Chicago,99
200701150DET,2007,Mon,01,15,2007,3:30 pm,Minnesota,94,Detroit,90,OT
200701150GSW,2007,Mon,01,15,2007,1:00 pm,L.A. Clippers,93,Golden State,108
200701150LAL,2007,Mon,01,15,2007,7:00 pm,Miami,118,L.A. Lakers,124,OT
200701150MEM,2007,Mon,01,15,2007,6:30 pm,Phoenix,137,Memphis,122
200701150NJN,2007,Mon,01,15,2007,3:30 pm,Indiana,95,Brooklyn,105
200701150NYK,2007,Mon,01,15,2007,1:00 pm,Sacramento,97,New York,102
200701150PHI,2007,Mon,01,15,2007,2:00 pm,Toronto,104,Philadelphia,86
200701150WAS,2007,Mon,01,15,2007,1:00 pm,Utah,111,Washington,114
200701160DAL,2007,Tue,01,16,2007,7:30 pm,Houston,96,Dallas,109
200701160NOK,2007,Tue,01,16,2007,7:00 pm,Orlando,78,New Orleans,84,OT
200701160SEA,2007,Tue,01,16,2007,7:00 pm,Cleveland,96,Seattle,101
200701170CHA,2007,Wed,01,17,2007,7:00 pm,Brooklyn,92,Charlotte,85
200701170DET,2007,Wed,01,17,2007,7:30 pm,Utah,100,Detroit,99
200701170HOU,2007,Wed,01,17,2007,7:30 pm,Phoenix,100,Houston,91
200701170LAC,2007,Wed,01,17,2007,7:30 pm,Golden State,109,L.A. Clippers,115
200701170MEM,2007,Wed,01,17,2007,7:00 pm,Philadelphia,102,Memphis,118
200701170MIL,2007,Wed,01,17,2007,7:00 pm,Chicago,99,Milwaukee,90
200701170MIN,2007,Wed,01,17,2007,7:00 pm,Atlanta,105,Minnesota,88
200701170POR,2007,Wed,01,17,2007,7:00 pm,Cleveland,76,Portland,94
200701170SAS,2007,Wed,01,17,2007,8:00 pm,L.A. Lakers,100,San Antonio,96
200701170TOR,2007,Wed,01,17,2007,7:00 pm,Sacramento,85,Toronto,101
200701170WAS,2007,Wed,01,17,2007,7:00 pm,New York,98,Washington,99
200701180DAL,2007,Thu,01,18,2007,8:30 pm,L.A. Lakers,95,Dallas,114
200701180MIA,2007,Thu,01,18,2007,7:00 pm,Indiana,101,Miami,104
200701190ATL,2007,Fri,01,19,2007,7:30 pm,Charlotte,96,Atlanta,75
200701190BOS,2007,Fri,01,19,2007,7:30 pm,Sacramento,96,Boston,91
200701190DEN,2007,Fri,01,19,2007,8:30 pm,Cleveland,99,Denver,110
200701190MIN,2007,Fri,01,19,2007,7:00 pm,Detroit,104,Minnesota,98,2OT
200701190NYK,2007,Fri,01,19,2007,7:30 pm,Brooklyn,101,New York,100
200701190ORL,2007,Fri,01,19,2007,7:00 pm,Washington,114,Orlando,93
200701190PHI,2007,Fri,01,19,2007,7:00 pm,Miami,95,Philadelphia,98,OT
200701190PHO,2007,Fri,01,19,2007,7:00 pm,Portland,101,Phoenix,106
200701190SAS,2007,Fri,01,19,2007,7:00 pm,New Orleans,86,San Antonio,99
200701190SEA,2007,Fri,01,19,2007,7:30 pm,Milwaukee,72,Seattle,99
200701190TOR,2007,Fri,01,19,2007,7:00 pm,Utah,102,Toronto,94
200701200CHA,2007,Sat,01,20,2007,7:00 pm,Atlanta,85,Charlotte,104
200701200CHI,2007,Sat,01,20,2007,7:30 pm,Utah,95,Chicago,85
200701200DET,2007,Sat,01,20,2007,7:30 pm,Sacramento,74,Detroit,91
200701200GSW,2007,Sat,01,20,2007,7:30 pm,Cleveland,106,Golden State,104,OT
200701200HOU,2007,Sat,01,20,2007,7:30 pm,Denver,121,Houston,113,OT
200701200IND,2007,Sat,01,20,2007,7:00 pm,New York,108,Indiana,106
200701200LAC,2007,Sat,01,20,2007,12:30 pm,Memphis,91,L.A. Clippers,112
200701200NJN,2007,Sat,01,20,2007,8:00 pm,Orlando,94,Brooklyn,101
200701200NOK,2007,Sat,01,20,2007,7:00 pm,L.A. Lakers,103,New Orleans,113
200701200WAS,2007,Sat,01,20,2007,8:00 pm,Boston,110,Washington,115,OT
200701210MIA,2007,Sun,01,21,2007,1:00 pm,Dallas,99,Miami,93
200701210PHI,2007,Sun,01,21,2007,6:00 pm,San Antonio,99,Philadelphia,85
200701210PHO,2007,Sun,01,21,2007,6:00 pm,Minnesota,102,Phoenix,131
200701210POR,2007,Sun,01,21,2007,6:00 pm,Milwaukee,95,Portland,99
200701220BOS,2007,Mon,01,22,2007,7:30 pm,San Antonio,93,Boston,89
200701220CLE,2007,Mon,01,22,2007,7:00 pm,Orlando,90,Cleveland,79
200701220DEN,2007,Mon,01,22,2007,7:00 pm,Memphis,98,Denver,115
200701220IND,2007,Mon,01,22,2007,7:00 pm,Chicago,91,Indiana,98
200701220LAL,2007,Mon,01,22,2007,7:30 pm,Golden State,103,L.A. Lakers,108
200701220MIA,2007,Mon,01,22,2007,7:30 pm,New York,83,Miami,101
200701220SAC,2007,Mon,01,22,2007,7:00 pm,Brooklyn,87,Sacramento,88
200701220TOR,2007,Mon,01,22,2007,7:00 pm,Charlotte,84,Toronto,105
200701220UTA,2007,Mon,01,22,2007,7:00 pm,Minnesota,91,Utah,106
200701230CHI,2007,Tue,01,23,2007,7:30 pm,Atlanta,86,Chicago,94
200701230LAC,2007,Tue,01,23,2007,7:30 pm,Milwaukee,96,L.A. Clippers,115
200701230ORL,2007,Tue,01,23,2007,7:00 pm,Dallas,111,Orlando,95
200701230PHI,2007,Tue,01,23,2007,7:00 pm,New Orleans,96,Philadelphia,102
200701230SEA,2007,Tue,01,23,2007,7:00 pm,Denver,117,Seattle,112
200701230WAS,2007,Tue,01,23,2007,7:00 pm,Phoenix,127,Washington,105
200701240BOS,2007,Wed,01,24,2007,7:30 pm,Atlanta,82,Boston,76
200701240CHA,2007,Wed,01,24,2007,7:00 pm,Detroit,103,Charlotte,92
200701240CLE,2007,Wed,01,24,2007,7:00 pm,Philadelphia,118,Cleveland,115,2OT
200701240GSW,2007,Wed,01,24,2007,7:30 pm,Brooklyn,109,Golden State,110
200701240IND,2007,Wed,01,24,2007,7:00 pm,Miami,94,Indiana,96,OT
200701240NYK,2007,Wed,01,24,2007,7:30 pm,Phoenix,112,New York,107
200701240POR,2007,Wed,01,24,2007,7:00 pm,Minnesota,98,Portland,101,OT
200701240SAC,2007,Wed,01,24,2007,7:00 pm,Milwaukee,106,Sacramento,114
200701240SAS,2007,Wed,01,24,2007,8:00 pm,Houston,90,San Antonio,85
200701240TOR,2007,Wed,01,24,2007,7:00 pm,New Orleans,88,Toronto,90
200701240UTA,2007,Wed,01,24,2007,7:00 pm,Memphis,132,Utah,130,OT
200701250CHI,2007,Thu,01,25,2007,7:00 pm,Dallas,85,Chicago,96
200701250LAC,2007,Thu,01,25,2007,7:30 pm,Brooklyn,101,L.A. Clippers,102
200701260DET,2007,Fri,01,26,2007,7:00 pm,Washington,99,Detroit,96
200701260HOU,2007,Fri,01,26,2007,7:30 pm,Portland,69,Houston,99
200701260LAL,2007,Fri,01,26,2007,7:30 pm,Charlotte,106,L.A. Lakers,97,OT
200701260MIL,2007,Fri,01,26,2007,7:30 pm,Phoenix,98,Milwaukee,90
200701260NOK,2007,Fri,01,26,2007,7:00 pm,Sacramento,84,New Orleans,88,"at New Orleans, LA"
200701260NYK,2007,Fri,01,26,2007,7:30 pm,Miami,96,New York,116
200701260ORL,2007,Fri,01,26,2007,7:00 pm,Atlanta,93,Orlando,90
200701260PHI,2007,Fri,01,26,2007,7:00 pm,Cleveland,105,Philadelphia,97
200701260SAS,2007,Fri,01,26,2007,7:00 pm,Memphis,96,San Antonio,112
200701260SEA,2007,Fri,01,26,2007,7:30 pm,Minnesota,100,Seattle,102
200701260TOR,2007,Fri,01,26,2007,7:00 pm,Boston,90,Toronto,96
200701260UTA,2007,Fri,01,26,2007,7:00 pm,Denver,111,Utah,116
200701270ATL,2007,Sat,01,27,2007,7:00 pm,Philadelphia,104,Atlanta,89
200701270CHI,2007,Sat,01,27,2007,7:30 pm,Miami,97,Chicago,100
200701270DAL,2007,Sat,01,27,2007,7:30 pm,Sacramento,104,Dallas,106
200701270DEN,2007,Sat,01,27,2007,7:00 pm,Brooklyn,112,Denver,102
200701270GSW,2007,Sat,01,27,2007,7:30 pm,Charlotte,105,Golden State,131
200701270IND,2007,Sat,01,27,2007,7:00 pm,Toronto,84,Indiana,102
200701270LAC,2007,Sat,01,27,2007,7:30 pm,Minnesota,101,L.A. Clippers,87
200701270MEM,2007,Sat,01,27,2007,7:00 pm,Portland,135,Memphis,132,2OT
200701270NOK,2007,Sat,01,27,2007,7:00 pm,Utah,83,New Orleans,94
200701280BOS,2007,Sun,01,28,2007,6:00 pm,Washington,105,Boston,91
200701280CLE,2007,Sun,01,28,2007,1:00 pm,Phoenix,115,Cleveland,100
200701280DET,2007,Sun,01,28,2007,6:30 pm,Indiana,87,Detroit,95
200701280LAL,2007,Sun,01,28,2007,12:30 pm,San Antonio,96,L.A. Lakers,94,OT
200701280MIL,2007,Sun,01,28,2007,2:30 pm,New York,105,Milwaukee,107
200701280SEA,2007,Sun,01,28,2007,7:00 pm,L.A. Clippers,98,Seattle,76
200701290ATL,2007,Mon,01,29,2007,7:00 pm,Orlando,83,Atlanta,93
200701290DEN,2007,Mon,01,29,2007,7:00 pm,Charlotte,105,Denver,101
200701290HOU,2007,Mon,01,29,2007,7:30 pm,Philadelphia,84,Houston,105
200701290MEM,2007,Mon,01,29,2007,7:00 pm,Sacramento,117,Memphis,124
200701290MIN,2007,Mon,01,29,2007,7:00 pm,Phoenix,112,Minnesota,121
200701290NOK,2007,Mon,01,29,2007,7:00 pm,Portland,91,New Orleans,103
200701290UTA,2007,Mon,01,29,2007,7:00 pm,Brooklyn,116,Utah,115
200701300CLE,2007,Tue,01,30,2007,7:00 pm,Golden State,97,Cleveland,124
200701300DAL,2007,Tue,01,30,2007,7:30 pm,Seattle,102,Dallas,122
200701300IND,2007,Tue,01,30,2007,7:00 pm,Boston,96,Indiana,103
200701300MIA,2007,Tue,01,30,2007,7:30 pm,Milwaukee,80,Miami,110
200701300NYK,2007,Tue,01,30,2007,7:30 pm,L.A. Lakers,94,New York,99
200701300WAS,2007,Tue,01,30,2007,7:00 pm,Detroit,99,Washington,104
200701310ATL,2007,Wed,01,31,2007,7:00 pm,Golden State,94,Atlanta,115
200701310BOS,2007,Wed,01,31,2007,7:30 pm,L.A. Lakers,111,Boston,98
200701310CHA,2007,Wed,01,31,2007,7:00 pm,New York,87,Charlotte,104
200701310HOU,2007,Wed,01,31,2007,7:30 pm,Seattle,102,Houston,112
200701310LAC,2007,Wed,01,31,2007,7:30 pm,Chicago,98,L.A. Clippers,110
200701310MEM,2007,Wed,01,31,2007,7:00 pm,Dallas,95,Memphis,94
200701310MIN,2007,Wed,01,31,2007,7:00 pm,Sacramento,100,Minnesota,98
200701310NJN,2007,Wed,01,31,2007,7:30 pm,Detroit,113,Brooklyn,89
200701310NOK,2007,Wed,01,31,2007,7:00 pm,Philadelphia,89,New Orleans,78
200701310ORL,2007,Wed,01,31,2007,7:00 pm,Milwaukee,73,Orlando,98
200701310POR,2007,Wed,01,31,2007,7:00 pm,Denver,91,Portland,100
200701310TOR,2007,Wed,01,31,2007,7:00 pm,Washington,109,Toronto,119
200701310UTA,2007,Wed,01,31,2007,7:00 pm,San Antonio,93,Utah,97
200702010MIA,2007,Thu,02,1,2007,8:00 pm,Cleveland,89,Miami,92
200702010PHO,2007,Thu,02,1,2007,8:30 pm,San Antonio,87,Phoenix,103
200702020ATL,2007,Fri,02,2,2007,7:30 pm,Toronto,103,Atlanta,91
200702020BOS,2007,Fri,02,2,2007,7:30 pm,L.A. Clippers,100,Boston,89
200702020CLE,2007,Fri,02,2,2007,7:30 pm,Charlotte,81,Cleveland,101
200702020DEN,2007,Fri,02,2,2007,7:00 pm,Portland,107,Denver,114,OT
200702020DET,2007,Fri,02,2,2007,8:00 pm,Milwaukee,86,Detroit,96
200702020IND,2007,Fri,02,2,2007,7:00 pm,L.A. Lakers,84,Indiana,95
200702020NOK,2007,Fri,02,2,2007,7:00 pm,Minnesota,83,New Orleans,90
200702020ORL,2007,Fri,02,2,2007,8:00 pm,Brooklyn,86,Orlando,119
200702020PHI,2007,Fri,02,2,2007,7:00 pm,Golden State,102,Philadelphia,101
200702020SEA,2007,Fri,02,2,2007,7:30 pm,Chicago,107,Seattle,101
200702030CHA,2007,Sat,02,3,2007,7:00 pm,Golden State,90,Charlotte,98
200702030DAL,2007,Sat,02,3,2007,7:30 pm,Minnesota,93,Dallas,94
200702030HOU,2007,Sat,02,3,2007,7:30 pm,New Orleans,87,Houston,74
200702030MEM,2007,Sat,02,3,2007,7:00 pm,Indiana,116,Memphis,110
200702030MIL,2007,Sat,02,3,2007,7:30 pm,Miami,117,Milwaukee,98
200702030ORL,2007,Sat,02,3,2007,7:00 pm,New York,94,Orlando,86
200702030PHO,2007,Sat,02,3,2007,7:00 pm,Utah,108,Phoenix,105
200702030POR,2007,Sat,02,3,2007,7:00 pm,Chicago,88,Portland,86
200702030SAC,2007,Sat,02,3,2007,7:00 pm,Denver,87,Sacramento,94
200702030WAS,2007,Sat,02,3,2007,7:00 pm,L.A. Lakers,118,Washington,102
200702040CLE,2007,Sun,02,4,2007,2:30 pm,Detroit,90,Cleveland,78
200702040NJN,2007,Sun,02,4,2007,12:00 pm,Atlanta,101,Brooklyn,99,OT
200702040TOR,2007,Sun,02,4,2007,12:00 pm,L.A. Clippers,110,Toronto,122
200702050ATL,2007,Mon,02,5,2007,7:00 pm,L.A. Lakers,90,Atlanta,83
200702050DEN,2007,Mon,02,5,2007,7:00 pm,Phoenix,113,Denver,108
200702050HOU,2007,Mon,02,5,2007,7:30 pm,Minnesota,77,Houston,105
200702050IND,2007,Mon,02,5,2007,7:00 pm,Golden State,113,Indiana,98
200702050MIA,2007,Mon,02,5,2007,7:30 pm,Charlotte,93,Miami,113
200702050PHI,2007,Mon,02,5,2007,7:00 pm,Brooklyn,98,Philadelphia,100,OT
200702050SAC,2007,Mon,02,5,2007,7:00 pm,New Orleans,99,Sacramento,105
200702050UTA,2007,Mon,02,5,2007,7:00 pm,Chicago,95,Utah,100
200702050WAS,2007,Mon,02,5,2007,7:00 pm,Seattle,108,Washington,118
200702060DET,2007,Tue,02,6,2007,7:30 pm,Boston,102,Detroit,109
200702060MEM,2007,Tue,02,6,2007,7:00 pm,Houston,98,Memphis,90
200702060MIL,2007,Tue,02,6,2007,7:00 pm,Orlando,111,Milwaukee,116
200702060NYK,2007,Tue,02,6,2007,7:30 pm,L.A. Clippers,90,New York,102
200702060POR,2007,Tue,02,6,2007,7:00 pm,Phoenix,109,Portland,102,OT
200702070ATL,2007,Wed,02,7,2007,7:00 pm,Brooklyn,87,Atlanta,85
200702070BOS,2007,Wed,02,7,2007,7:30 pm,Miami,91,Boston,79
200702070CLE,2007,Wed,02,7,2007,7:00 pm,L.A. Clippers,77,Cleveland,94
200702070DAL,2007,Wed,02,7,2007,7:30 pm,Memphis,97,Dallas,113
200702070DEN,2007,Wed,02,7,2007,7:00 pm,New Orleans,114,Denver,112,OT
200702070IND,2007,Wed,02,7,2007,7:00 pm,Seattle,103,Indiana,102
200702070MIN,2007,Wed,02,7,2007,7:00 pm,Golden State,93,Minnesota,121
200702070PHI,2007,Wed,02,7,2007,7:00 pm,Charlotte,83,Philadelphia,92
200702070TOR,2007,Wed,02,7,2007,7:00 pm,Orlando,103,Toronto,113
200702070WAS,2007,Wed,02,7,2007,7:00 pm,San Antonio,110,Washington,83
200702080DET,2007,Thu,02,8,2007,8:00 pm,L.A. Lakers,78,Detroit,93
200702080NOK,2007,Thu,02,8,2007,7:00 pm,Milwaukee,101,New Orleans,109,2OT
200702080SAC,2007,Thu,02,8,2007,7:30 pm,Chicago,77,Sacramento,86
200702090BOS,2007,Fri,02,9,2007,7:30 pm,Brooklyn,92,Boston,78
200702090CHA,2007,Fri,02,9,2007,7:00 pm,Portland,108,Charlotte,100,OT
200702090CLE,2007,Fri,02,9,2007,8:00 pm,Miami,79,Cleveland,103
200702090DAL,2007,Fri,02,9,2007,7:30 pm,Houston,74,Dallas,95
200702090GSW,2007,Fri,02,9,2007,7:30 pm,Chicago,121,Golden State,123,OT
200702090IND,2007,Fri,02,9,2007,7:00 pm,Denver,102,Indiana,95
200702090MEM,2007,Fri,02,9,2007,7:00 pm,Minnesota,97,Memphis,105,OT
200702090ORL,2007,Fri,02,9,2007,7:00 pm,San Antonio,104,Orlando,106
200702090PHI,2007,Fri,02,9,2007,7:00 pm,L.A. Clippers,90,Philadelphia,89
200702090PHO,2007,Fri,02,9,2007,7:00 pm,Atlanta,120,Phoenix,111
200702090TOR,2007,Fri,02,9,2007,7:00 pm,L.A. Lakers,92,Toronto,96
200702100DET,2007,Sat,02,10,2007,7:30 pm,Toronto,92,Detroit,98
200702100HOU,2007,Sat,02,10,2007,7:30 pm,Charlotte,83,Houston,104
200702100MIL,2007,Sat,02,10,2007,7:30 pm,Denver,109,Milwaukee,102
200702100NJN,2007,Sat,02,10,2007,7:30 pm,Orlando,78,Brooklyn,93
200702100NOK,2007,Sat,02,10,2007,7:00 pm,Memphis,99,New Orleans,114
200702100SEA,2007,Sat,02,10,2007,7:00 pm,Sacramento,114,Seattle,93
200702100UTA,2007,Sat,02,10,2007,7:00 pm,New York,102,Utah,104,OT
200702110CLE,2007,Sun,02,11,2007,3:30 pm,L.A. Lakers,90,Cleveland,99
200702110GSW,2007,Sun,02,11,2007,6:00 pm,Atlanta,106,Golden State,105
200702110IND,2007,Sun,02,11,2007,2:30 pm,L.A. Clippers,80,Indiana,94
200702110MIA,2007,Sun,02,11,2007,1:00 pm,San Antonio,85,Miami,100
200702110MIN,2007,Sun,02,11,2007,5:00 pm,Boston,107,Minnesota,109
200702110PHI,2007,Sun,02,11,2007,6:00 pm,Dallas,106,Philadelphia,89
200702110PHO,2007,Sun,02,11,2007,6:00 pm,Chicago,116,Phoenix,103
200702110SAC,2007,Sun,02,11,2007,6:00 pm,Seattle,114,Sacramento,103
200702110WAS,2007,Sun,02,11,2007,1:00 pm,Portland,94,Washington,73
200702120DEN,2007,Mon,02,12,2007,7:00 pm,Golden State,111,Denver,123
200702120DET,2007,Mon,02,12,2007,7:30 pm,L.A. Clippers,74,Detroit,92
200702120UTA,2007,Mon,02,12,2007,7:00 pm,Atlanta,76,Utah,102
200702130CHI,2007,Tue,02,13,2007,7:30 pm,Toronto,112,Chicago,111
200702130HOU,2007,Tue,02,13,2007,7:30 pm,Sacramento,104,Houston,109,OT
200702130LAL,2007,Tue,02,13,2007,7:30 pm,New York,107,L.A. Lakers,106
200702130MEM,2007,Tue,02,13,2007,7:00 pm,New Orleans,104,Memphis,108
200702130MIA,2007,Tue,02,13,2007,7:30 pm,Portland,85,Miami,104
200702130MIL,2007,Tue,02,13,2007,7:00 pm,Dallas,99,Milwaukee,93
200702130NJN,2007,Tue,02,13,2007,7:30 pm,San Antonio,107,Brooklyn,82
200702140BOS,2007,Wed,02,14,2007,7:30 pm,Milwaukee,97,Boston,117
200702140CHA,2007,Wed,02,14,2007,7:00 pm,Chicago,85,Charlotte,100
200702140DET,2007,Wed,02,14,2007,7:30 pm,San Antonio,90,Detroit,81
200702140GSW,2007,Wed,02,14,2007,7:30 pm,New York,101,Golden State,120
200702140IND,2007,Wed,02,14,2007,7:00 pm,Memphis,104,Indiana,114
200702140LAC,2007,Wed,02,14,2007,7:30 pm,Atlanta,96,L.A. Clippers,93
200702140MIN,2007,Wed,02,14,2007,7:00 pm,Denver,94,Minnesota,99
200702140NOK,2007,Wed,02,14,2007,7:00 pm,Sacramento,93,New Orleans,110
200702140ORL,2007,Wed,02,14,2007,7:00 pm,Portland,91,Orlando,103
200702140PHI,2007,Wed,02,14,2007,7:00 pm,Washington,92,Philadelphia,85
200702140SEA,2007,Wed,02,14,2007,7:00 pm,Phoenix,90,Seattle,114
200702140TOR,2007,Wed,02,14,2007,7:00 pm,Brooklyn,109,Toronto,120
200702140UTA,2007,Wed,02,14,2007,7:00 pm,Cleveland,98,Utah,99
200702150HOU,2007,Thu,02,15,2007,7:00 pm,Dallas,80,Houston,77
200702150LAL,2007,Thu,02,15,2007,7:30 pm,Cleveland,114,L.A. Lakers,108
200702200CHA,2007,Tue,02,20,2007,7:00 pm,New Orleans,100,Charlotte,104
200702200CHI,2007,Tue,02,20,2007,7:30 pm,Atlanta,81,Chicago,106
200702200LAC,2007,Tue,02,20,2007,7:30 pm,Phoenix,115,L.A. Clippers,90
200702200MIL,2007,Tue,02,20,2007,7:00 pm,Detroit,84,Milwaukee,83
200702200NYK,2007,Tue,02,20,2007,7:30 pm,Orlando,94,New York,100
200702200POR,2007,Tue,02,20,2007,7:00 pm,Utah,100,Portland,103
200702200SAC,2007,Tue,02,20,2007,7:00 pm,Boston,101,Sacramento,104
200702200SAS,2007,Tue,02,20,2007,7:00 pm,Denver,80,San Antonio,95
200702200SEA,2007,Tue,02,20,2007,7:00 pm,Memphis,105,Seattle,121
200702200WAS,2007,Tue,02,20,2007,7:00 pm,Minnesota,100,Washington,112
200702210ATL,2007,Wed,02,21,2007,7:00 pm,San Antonio,103,Atlanta,96
200702210DET,2007,Wed,02,21,2007,7:30 pm,Orlando,88,Detroit,110
200702210GSW,2007,Wed,02,21,2007,7:30 pm,Memphis,115,Golden State,118,OT
200702210HOU,2007,Wed,02,21,2007,8:00 pm,Miami,102,Houston,112
200702210IND,2007,Wed,02,21,2007,7:00 pm,Milwaukee,129,Indiana,136,2OT
200702210LAL,2007,Wed,02,21,2007,7:30 pm,Portland,112,L.A. Lakers,108
200702210MIN,2007,Wed,02,21,2007,7:00 pm,Charlotte,100,Minnesota,95
200702210NJN,2007,Wed,02,21,2007,7:30 pm,New Orleans,111,Brooklyn,107
200702210PHI,2007,Wed,02,21,2007,7:00 pm,New York,84,Philadelphia,104
200702210PHO,2007,Wed,02,21,2007,7:00 pm,Boston,108,Phoenix,118
200702210TOR,2007,Wed,02,21,2007,7:00 pm,Cleveland,86,Toronto,85
200702220CLE,2007,Thu,02,22,2007,7:00 pm,Chicago,84,Cleveland,78
200702220DAL,2007,Thu,02,22,2007,8:30 pm,Miami,100,Dallas,112
200702220WAS,2007,Thu,02,22,2007,7:00 pm,Sacramento,106,Washington,109
200702230ATL,2007,Fri,02,23,2007,7:30 pm,Houston,99,Atlanta,105
200702230CHA,2007,Fri,02,23,2007,7:00 pm,Philadelphia,87,Charlotte,102
200702230CHI,2007,Fri,02,23,2007,7:00 pm,Washington,90,Chicago,105
200702230DEN,2007,Fri,02,23,2007,8:30 pm,Utah,114,Denver,104
200702230LAL,2007,Fri,02,23,2007,7:30 pm,Boston,96,L.A. Lakers,122
200702230MIN,2007,Fri,02,23,2007,7:00 pm,Phoenix,116,Minnesota,104
200702230NJN,2007,Fri,02,23,2007,7:30 pm,Sacramento,96,Brooklyn,109
200702230NOK,2007,Fri,02,23,2007,7:00 pm,Seattle,97,New Orleans,98,"at New Orleans, LA"
200702230NYK,2007,Fri,02,23,2007,7:30 pm,Milwaukee,93,New York,95
200702230ORL,2007,Fri,02,23,2007,7:00 pm,Detroit,94,Orlando,89
200702230POR,2007,Fri,02,23,2007,7:00 pm,Memphis,103,Portland,102
200702230TOR,2007,Fri,02,23,2007,7:00 pm,Indiana,88,Toronto,110
200702240CHA,2007,Sat,02,24,2007,7:00 pm,Toronto,93,Charlotte,76
200702240DAL,2007,Sat,02,24,2007,8:00 pm,Denver,95,Dallas,115
200702240LAC,2007,Sat,02,24,2007,12:30 pm,Golden State,90,L.A. Clippers,103
200702240MIL,2007,Sat,02,24,2007,7:30 pm,Philadelphia,90,Milwaukee,109
200702240SAS,2007,Sat,02,24,2007,7:00 pm,Seattle,71,San Antonio,102
200702240UTA,2007,Sat,02,24,2007,7:00 pm,Boston,87,Utah,105
200702250ATL,2007,Sun,02,25,2007,6:00 pm,Phoenix,115,Atlanta,106
200702250DET,2007,Sun,02,25,2007,1:00 pm,Chicago,93,Detroit,95
200702250GSW,2007,Sun,02,25,2007,3:00 pm,L.A. Lakers,102,Golden State,85
200702250IND,2007,Sun,02,25,2007,8:00 pm,Sacramento,110,Indiana,93
200702250MIA,2007,Sun,02,25,2007,3:30 pm,Cleveland,81,Miami,86
200702250MIN,2007,Sun,02,25,2007,2:30 pm,Washington,94,Minnesota,98
200702250NJN,2007,Sun,02,25,2007,6:00 pm,New York,92,Brooklyn,101
200702250ORL,2007,Sun,02,25,2007,2:00 pm,Houston,97,Orlando,93
200702260CHI,2007,Mon,02,26,2007,7:30 pm,Orlando,94,Chicago,87
200702260DAL,2007,Mon,02,26,2007,7:30 pm,Atlanta,87,Dallas,110
200702260HOU,2007,Mon,02,26,2007,7:30 pm,Boston,77,Houston,72
200702260LAC,2007,Mon,02,26,2007,7:30 pm,Charlotte,93,L.A. Clippers,100
200702260MEM,2007,Mon,02,26,2007,7:00 pm,Denver,111,Memphis,107
200702260NYK,2007,Mon,02,26,2007,7:30 pm,Miami,93,New York,99
200702260PHI,2007,Mon,02,26,2007,7:00 pm,Sacramento,82,Philadelphia,89
200702260SAS,2007,Mon,02,26,2007,7:00 pm,Toronto,91,San Antonio,107
200702260SEA,2007,Mon,02,26,2007,7:00 pm,Portland,73,Seattle,97
200702260UTA,2007,Mon,02,26,2007,7:00 pm,L.A. Lakers,102,Utah,94
200702270CLE,2007,Tue,02,27,2007,7:00 pm,New Orleans,89,Cleveland,97
200702270IND,2007,Tue,02,27,2007,7:00 pm,Phoenix,103,Indiana,92
200702270MIL,2007,Tue,02,27,2007,7:00 pm,Golden State,101,Milwaukee,122
200702270MIN,2007,Tue,02,27,2007,7:00 pm,Dallas,91,Minnesota,65
200702270NJN,2007,Tue,02,27,2007,7:30 pm,Washington,101,Brooklyn,113
200702280BOS,2007,Wed,02,28,2007,7:30 pm,New York,94,Boston,102
200702280CHI,2007,Wed,02,28,2007,7:30 pm,Golden State,83,Chicago,113
200702280DEN,2007,Wed,02,28,2007,7:00 pm,Orlando,101,Denver,111
200702280HOU,2007,Wed,02,28,2007,7:30 pm,Toronto,106,Houston,90
200702280LAC,2007,Wed,02,28,2007,7:30 pm,Seattle,91,L.A. Clippers,96
200702280MEM,2007,Wed,02,28,2007,7:00 pm,Utah,104,Memphis,88
200702280NOK,2007,Wed,02,28,2007,7:00 pm,Atlanta,100,New Orleans,107
200702280PHI,2007,Wed,02,28,2007,7:00 pm,Phoenix,94,Philadelphia,99
200702280SAC,2007,Wed,02,28,2007,7:00 pm,Charlotte,120,Sacramento,135
200702280WAS,2007,Wed,02,28,2007,7:00 pm,Miami,92,Washington,83
200612010ATL,2007,Fri,12,1,2006,7:30 pm,Cleveland,106,Atlanta,95
200612010DAL,2007,Fri,12,1,2006,7:30 pm,Sacramento,90,Dallas,109
200612010DET,2007,Fri,12,1,2006,8:00 pm,New York,100,Detroit,108
200612010MIN,2007,Fri,12,1,2006,7:00 pm,Denver,106,Minnesota,92
200612010NOK,2007,Fri,12,1,2006,7:00 pm,Chicago,111,New Orleans,108
200612010PHO,2007,Fri,12,1,2006,7:00 pm,Milwaukee,116,Phoenix,122
200612010POR,2007,Fri,12,1,2006,7:00 pm,Orlando,91,Portland,89
200612010SEA,2007,Fri,12,1,2006,7:30 pm,Indiana,103,Seattle,105
200612010TOR,2007,Fri,12,1,2006,7:00 pm,Boston,102,Toronto,106
200612010WAS,2007,Fri,12,1,2006,7:00 pm,Charlotte,109,Washington,121
200612020CHI,2007,Sat,12,2,2006,7:30 pm,Washington,94,Chicago,112
200612020DEN,2007,Sat,12,2,2006,7:00 pm,Indiana,101,Denver,121
200612020GSW,2007,Sat,12,2,2006,7:30 pm,Milwaukee,115,Golden State,110
200612020HOU,2007,Sat,12,2,2006,7:30 pm,Cleveland,63,Houston,81
200612020LAC,2007,Sat,12,2,2006,7:30 pm,L.A. Lakers,97,L.A. Clippers,88
200612020MEM,2007,Sat,12,2,2006,7:00 pm,Miami,98,Memphis,97
200612020NJN,2007,Sat,12,2,2006,7:30 pm,Philadelphia,107,Brooklyn,112
200612020NYK,2007,Sat,12,2,2006,8:00 pm,Toronto,103,New York,100
200612020SAS,2007,Sat,12,2,2006,7:00 pm,Sacramento,98,San Antonio,100
200612020UTA,2007,Sat,12,2,2006,7:00 pm,Seattle,107,Utah,109
200612030CHA,2007,Sun,12,3,2006,6:00 pm,Detroit,89,Charlotte,97
200612030LAC,2007,Sun,12,3,2006,6:30 pm,Orlando,91,L.A. Clippers,116
200612030PHI,2007,Sun,12,3,2006,6:00 pm,Minnesota,95,Philadelphia,84
200612030POR,2007,Sun,12,3,2006,6:00 pm,Atlanta,107,Portland,96
200612040CHI,2007,Mon,12,4,2006,7:30 pm,Boston,82,Chicago,100
200612040LAL,2007,Mon,12,4,2006,7:30 pm,Indiana,87,L.A. Lakers,101
200612040NYK,2007,Mon,12,4,2006,7:30 pm,Memphis,90,New York,98
200612040SAC,2007,Mon,12,4,2006,7:00 pm,Orlando,92,Sacramento,89
200612040SAS,2007,Mon,12,4,2006,7:00 pm,Golden State,89,San Antonio,129
200612040UTA,2007,Mon,12,4,2006,7:00 pm,Milwaukee,88,Utah,101
200612040WAS,2007,Mon,12,4,2006,7:00 pm,Dallas,97,Washington,106
200612050DET,2007,Tue,12,5,2006,7:30 pm,Portland,88,Detroit,85
200612050HOU,2007,Tue,12,5,2006,7:30 pm,Golden State,90,Houston,118
200612050LAC,2007,Tue,12,5,2006,7:30 pm,Miami,97,L.A. Clippers,101
200612050NJN,2007,Tue,12,5,2006,7:30 pm,Dallas,92,Brooklyn,75
200612050PHO,2007,Tue,12,5,2006,7:00 pm,Sacramento,102,Phoenix,127
200612050SEA,2007,Tue,12,5,2006,7:00 pm,Atlanta,87,Seattle,102
200612060BOS,2007,Wed,12,6,2006,7:30 pm,Memphis,98,Boston,96
200612060CHA,2007,Wed,12,6,2006,7:00 pm,San Antonio,96,Charlotte,76
200612060CHI,2007,Wed,12,6,2006,8:00 pm,Philadelphia,94,Chicago,121
200612060CLE,2007,Wed,12,6,2006,7:00 pm,Toronto,91,Cleveland,95
200612060DEN,2007,Wed,12,6,2006,7:00 pm,Atlanta,98,Denver,96
200612060IND,2007,Wed,12,6,2006,7:00 pm,Orlando,80,Indiana,94
200612060LAL,2007,Wed,12,6,2006,7:30 pm,New Orleans,105,L.A. Lakers,89
200612060MIL,2007,Wed,12,6,2006,7:00 pm,Portland,94,Milwaukee,102,OT
200612060MIN,2007,Wed,12,6,2006,7:00 pm,Houston,84,Minnesota,90
200612060NYK,2007,Wed,12,6,2006,7:30 pm,Washington,113,New York,102
200612070DAL,2007,Thu,12,7,2006,7:00 pm,Detroit,92,Dallas,82
200612070NJN,2007,Thu,12,7,2006,7:30 pm,Phoenix,161,Brooklyn,157,2OT
200612070SAC,2007,Thu,12,7,2006,7:30 pm,Miami,93,Sacramento,91,OT
200612080BOS,2007,Fri,12,8,2006,7:30 pm,Phoenix,116,Boston,111
200612080CHA,2007,Fri,12,8,2006,7:00 pm,Houston,92,Charlotte,62
200612080CHI,2007,Fri,12,8,2006,7:30 pm,Toronto,90,Chicago,93
200612080DEN,2007,Fri,12,8,2006,8:30 pm,Miami,107,Denver,123
200612080IND,2007,Fri,12,8,2006,7:00 pm,Portland,95,Indiana,108
200612080LAL,2007,Fri,12,8,2006,7:30 pm,Atlanta,95,L.A. Lakers,106
200612080MIL,2007,Fri,12,8,2006,7:30 pm,Memphis,94,Milwaukee,100
200612080MIN,2007,Fri,12,8,2006,7:00 pm,Utah,103,Minnesota,110
200612080ORL,2007,Fri,12,8,2006,7:00 pm,Detroit,87,Orlando,83
200612080PHI,2007,Fri,12,8,2006,8:00 pm,Washington,113,Philadelphia,98
200612080SAS,2007,Fri,12,8,2006,7:00 pm,L.A. Clippers,82,San Antonio,111
200612080SEA,2007,Fri,12,8,2006,7:30 pm,New Orleans,74,Seattle,94
200612090CHI,2007,Sat,12,9,2006,7:30 pm,Minnesota,91,Chicago,81
200612090CLE,2007,Sat,12,9,2006,7:30 pm,Indiana,75,Cleveland,107
200612090DAL,2007,Sat,12,9,2006,7:30 pm,Denver,90,Dallas,105
200612090GSW,2007,Sat,12,9,2006,7:30 pm,New Orleans,80,Golden State,101
200612090MEM,2007,Sat,12,9,2006,7:00 pm,L.A. Clippers,89,Memphis,82
200612090NJN,2007,Sat,12,9,2006,7:30 pm,Boston,92,Brooklyn,90
200612090NYK,2007,Sat,12,9,2006,7:30 pm,Milwaukee,107,New York,115
200612090ORL,2007,Sat,12,9,2006,7:00 pm,Philadelphia,84,Orlando,86
200612090WAS,2007,Sat,12,9,2006,7:00 pm,Houston,114,Washington,109
200612100CHA,2007,Sun,12,10,2006,6:00 pm,Phoenix,114,Charlotte,84
200612100LAL,2007,Sun,12,10,2006,6:30 pm,San Antonio,99,L.A. Lakers,106
200612100SAC,2007,Sun,12,10,2006,6:00 pm,Atlanta,92,Sacramento,117
200612100SEA,2007,Sun,12,10,2006,6:00 pm,Golden State,115,Seattle,117
200612100TOR,2007,Sun,12,10,2006,1:00 pm,Portland,93,Toronto,83
200612110CHI,2007,Mon,12,11,2006,7:30 pm,Indiana,91,Chicago,106
200612110LAC,2007,Mon,12,11,2006,7:30 pm,San Antonio,103,L.A. Clippers,81
200612110MIA,2007,Mon,12,11,2006,7:30 pm,Toronto,77,Miami,99
200612110NJN,2007,Mon,12,11,2006,7:30 pm,Memphis,92,Brooklyn,105
200612110NOK,2007,Mon,12,11,2006,7:00 pm,Cleveland,89,New Orleans,95
200612110NYK,2007,Mon,12,11,2006,7:30 pm,Boston,97,New York,90
200612110ORL,2007,Mon,12,11,2006,7:00 pm,Phoenix,103,Orlando,89
200612110PHI,2007,Mon,12,11,2006,7:00 pm,Portland,81,Philadelphia,79
200612110UTA,2007,Mon,12,11,2006,7:00 pm,Dallas,79,Utah,101
200612120ATL,2007,Tue,12,12,2006,7:00 pm,Denver,100,Atlanta,87
200612120GSW,2007,Tue,12,12,2006,7:30 pm,Sacramento,113,Golden State,126
200612120HOU,2007,Tue,12,12,2006,7:30 pm,L.A. Lakers,102,Houston,94
200612120MIL,2007,Tue,12,12,2006,7:00 pm,Seattle,93,Milwaukee,94
200612130CHI,2007,Wed,12,13,2006,7:30 pm,Seattle,84,Chicago,99
200612130CLE,2007,Wed,12,13,2006,7:00 pm,Charlotte,101,Cleveland,104
200612130DAL,2007,Wed,12,13,2006,8:30 pm,L.A. Lakers,101,Dallas,110
200612130IND,2007,Wed,12,13,2006,7:00 pm,Detroit,90,Indiana,101
200612130LAC,2007,Wed,12,13,2006,7:30 pm,Utah,105,L.A. Clippers,86
200612130MEM,2007,Wed,12,13,2006,7:00 pm,Portland,85,Memphis,79
200612130MIA,2007,Wed,12,13,2006,7:00 pm,Phoenix,99,Miami,89
200612130NJN,2007,Wed,12,13,2006,7:30 pm,Milwaukee,95,Brooklyn,108
200612130NYK,2007,Wed,12,13,2006,7:30 pm,Atlanta,82,New York,94
200612130ORL,2007,Wed,12,13,2006,7:00 pm,Toronto,91,Orlando,84
200612130PHI,2007,Wed,12,13,2006,7:00 pm,Boston,101,Philadelphia,81
200612130SAS,2007,Wed,12,13,2006,7:00 pm,Minnesota,82,San Antonio,95
200612130WAS,2007,Wed,12,13,2006,7:00 pm,Denver,91,Washington,120
200612140CHA,2007,Thu,12,14,2006,7:00 pm,Orlando,89,Charlotte,99
200612140GSW,2007,Thu,12,14,2006,7:30 pm,Houston,107,Golden State,109
200612140NOK,2007,Thu,12,14,2006,8:30 pm,San Antonio,103,New Orleans,77,"at New Orleans, LA"
200612150BOS,2007,Fri,12,15,2006,7:30 pm,Denver,114,Boston,119
200612150CHI,2007,Fri,12,15,2006,7:30 pm,Milwaukee,111,Chicago,117
200612150CLE,2007,Fri,12,15,2006,7:30 pm,Seattle,84,Cleveland,106
200612150DAL,2007,Fri,12,15,2006,7:00 pm,Philadelphia,79,Dallas,93
200612150IND,2007,Fri,12,15,2006,7:00 pm,New York,96,Indiana,112
200612150LAL,2007,Fri,12,15,2006,7:30 pm,Houston,101,L.A. Lakers,112,2OT
200612150MEM,2007,Fri,12,15,2006,7:00 pm,Atlanta,97,Memphis,88
200612150PHO,2007,Fri,12,15,2006,7:00 pm,Golden State,101,Phoenix,105
200612150POR,2007,Fri,12,15,2006,7:00 pm,L.A. Clippers,99,Portland,109
200612150TOR,2007,Fri,12,15,2006,7:00 pm,Brooklyn,78,Toronto,90
200612150UTA,2007,Fri,12,15,2006,7:00 pm,Sacramento,98,Utah,97
200612150WAS,2007,Fri,12,15,2006,7:00 pm,Miami,95,Washington,106
200612160ATL,2007,Sat,12,16,2006,7:00 pm,Chicago,106,Atlanta,104,OT
200612160CHA,2007,Sat,12,16,2006,7:00 pm,Boston,106,Charlotte,100
200612160MIA,2007,Sat,12,16,2006,7:30 pm,Memphis,90,Miami,98
200612160MIL,2007,Sat,12,16,2006,7:30 pm,Minnesota,104,Milwaukee,108
200612160NJN,2007,Sat,12,16,2006,8:00 pm,Detroit,90,Brooklyn,82
200612160NOK,2007,Sat,12,16,2006,7:00 pm,Dallas,90,New Orleans,79,"at New Orleans, LA"
200612160NYK,2007,Sat,12,16,2006,7:30 pm,Denver,123,New York,100
200612160ORL,2007,Sat,12,16,2006,7:00 pm,Cleveland,74,Orlando,81
200612160SAC,2007,Sat,12,16,2006,7:00 pm,Phoenix,105,Sacramento,98
200612160SAS,2007,Sat,12,16,2006,7:00 pm,Philadelphia,98,San Antonio,103
200612170DET,2007,Sun,12,17,2006,6:00 pm,Seattle,93,Detroit,97
200612170IND,2007,Sun,12,17,2006,2:30 pm,Utah,104,Indiana,94
200612170LAC,2007,Sun,12,17,2006,12:30 pm,Houston,108,L.A. Clippers,103
200612170LAL,2007,Sun,12,17,2006,6:30 pm,Washington,147,L.A. Lakers,141,OT
200612170TOR,2007,Sun,12,17,2006,1:00 pm,Golden State,115,Toronto,120
200612180DEN,2007,Mon,12,18,2006,7:00 pm,Washington,108,Denver,117
200612180MEM,2007,Mon,12,18,2006,7:00 pm,Seattle,126,Memphis,134,2OT
200612180MIA,2007,Mon,12,18,2006,7:30 pm,New Orleans,99,Miami,101
200612180NJN,2007,Mon,12,18,2006,7:30 pm,Golden State,97,Brooklyn,105
200612180NYK,2007,Mon,12,18,2006,7:30 pm,Utah,96,New York,97,OT
200612180SAC,2007,Mon,12,18,2006,7:00 pm,Dallas,109,Sacramento,91
200612190CHI,2007,Tue,12,19,2006,7:30 pm,L.A. Lakers,89,Chicago,94
200612190PHO,2007,Tue,12,19,2006,7:00 pm,Toronto,98,Phoenix,115
200612200ATL,2007,Wed,12,20,2006,7:00 pm,Utah,112,Atlanta,106
200612200BOS,2007,Wed,12,20,2006,7:30 pm,Golden State,96,Boston,95
200612200LAC,2007,Wed,12,20,2006,7:30 pm,Toronto,98,L.A. Clippers,96
200612200MIL,2007,Wed,12,20,2006,7:00 pm,Miami,95,Milwaukee,121
200612200MIN,2007,Wed,12,20,2006,7:00 pm,L.A. Lakers,111,Minnesota,94
200612200NJN,2007,Wed,12,20,2006,8:00 pm,Cleveland,111,Brooklyn,113
200612200NYK,2007,Wed,12,20,2006,7:30 pm,Charlotte,109,New York,111,2OT
200612200ORL,2007,Wed,12,20,2006,7:00 pm,New Orleans,83,Orlando,86
200612200PHI,2007,Wed,12,20,2006,7:00 pm,Indiana,101,Philadelphia,93
200612200POR,2007,Wed,12,20,2006,7:00 pm,Houston,87,Portland,89
200612200SAS,2007,Wed,12,20,2006,7:00 pm,Memphis,98,San Antonio,105
200612200SEA,2007,Wed,12,20,2006,7:30 pm,Dallas,103,Seattle,95
200612210CLE,2007,Thu,12,21,2006,8:00 pm,Detroit,87,Cleveland,71
200612210SAC,2007,Thu,12,21,2006,7:30 pm,Washington,126,Sacramento,119
200612220ATL,2007,Fri,12,22,2006,7:30 pm,Indiana,100,Atlanta,90
200612220BOS,2007,Fri,12,22,2006,8:00 pm,Philadelphia,98,Boston,83
200612220CHA,2007,Fri,12,22,2006,7:00 pm,Utah,89,Charlotte,101
200612220DAL,2007,Fri,12,22,2006,7:30 pm,L.A. Clippers,83,Dallas,115
200612220DEN,2007,Fri,12,22,2006,7:00 pm,Sacramento,101,Denver,96
200612220MIN,2007,Fri,12,22,2006,7:00 pm,Milwaukee,113,Minnesota,107
200612220NJN,2007,Fri,12,22,2006,7:30 pm,L.A. Lakers,99,Brooklyn,95
200612220NOK,2007,Fri,12,22,2006,7:00 pm,Memphis,97,New Orleans,100,OT
200612220NYK,2007,Fri,12,22,2006,7:30 pm,Chicago,92,New York,103
200612220ORL,2007,Fri,12,22,2006,7:00 pm,Golden State,117,Orlando,108
200612220PHO,2007,Fri,12,22,2006,8:30 pm,Washington,144,Phoenix,139,OT
200612220POR,2007,Fri,12,22,2006,7:00 pm,Toronto,101,Portland,100,OT
200612220SAS,2007,Fri,12,22,2006,7:00 pm,Houston,97,San Antonio,78
200612230CHI,2007,Sat,12,23,2006,7:30 pm,Charlotte,76,Chicago,115
200612230CLE,2007,Sat,12,23,2006,7:30 pm,Orlando,83,Cleveland,86
200612230DET,2007,Sat,12,23,2006,7:30 pm,Atlanta,81,Detroit,108
200612230HOU,2007,Sat,12,23,2006,7:30 pm,L.A. Clippers,98,Houston,93
200612230IND,2007,Sat,12,23,2006,7:00 pm,Minnesota,78,Indiana,71
200612230MEM,2007,Sat,12,23,2006,7:00 pm,Utah,100,Memphis,97
200612230MIA,2007,Sat,12,23,2006,7:30 pm,Golden State,92,Miami,105
200612230MIL,2007,Sat,12,23,2006,7:30 pm,Brooklyn,104,Milwaukee,115
200612230NOK,2007,Sat,12,23,2006,7:00 pm,San Antonio,112,New Orleans,77
200612230PHI,2007,Sat,12,23,2006,7:30 pm,New York,77,Philadelphia,98
200612230SEA,2007,Sat,12,23,2006,7:00 pm,Toronto,97,Seattle,110
200612250MIA,2007,Mon,12,25,2006,2:30 pm,L.A. Lakers,85,Miami,101
200612260DAL,2007,Tue,12,26,2006,7:30 pm,Charlotte,84,Dallas,97
200612260DEN,2007,Tue,12,26,2006,7:00 pm,Boston,105,Denver,116
200612260DET,2007,Tue,12,26,2006,7:30 pm,Brooklyn,91,Detroit,92
200612260GSW,2007,Tue,12,26,2006,7:30 pm,Philadelphia,97,Golden State,116
200612260IND,2007,Tue,12,26,2006,7:00 pm,Houston,76,Indiana,81
200612260MIN,2007,Tue,12,26,2006,7:00 pm,Chicago,98,Minnesota,100
200612260PHO,2007,Tue,12,26,2006,7:00 pm,Portland,87,Phoenix,110
200612260SAS,2007,Tue,12,26,2006,7:00 pm,Milwaukee,114,San Antonio,107
200612260SEA,2007,Tue,12,26,2006,7:00 pm,New Orleans,94,Seattle,102
200612260UTA,2007,Tue,12,26,2006,7:00 pm,L.A. Clippers,92,Utah,102
200612260WAS,2007,Tue,12,26,2006,7:00 pm,Memphis,101,Washington,116
200612270ATL,2007,Wed,12,27,2006,7:00 pm,Cleveland,89,Atlanta,76
200612270CHA,2007,Wed,12,27,2006,7:00 pm,Washington,114,Charlotte,107
200612270CHI,2007,Wed,12,27,2006,7:30 pm,Miami,103,Chicago,109
200612270LAC,2007,Wed,12,27,2006,7:30 pm,Boston,77,L.A. Clippers,100
200612270MEM,2007,Wed,12,27,2006,7:00 pm,Milwaukee,112,Memphis,96
200612270NJN,2007,Wed,12,27,2006,7:30 pm,Houston,96,Brooklyn,71
200612270NYK,2007,Wed,12,27,2006,7:30 pm,Detroit,145,New York,151,3OT
200612270ORL,2007,Wed,12,27,2006,7:00 pm,L.A. Lakers,106,Orlando,93
200612270POR,2007,Wed,12,27,2006,7:00 pm,New Orleans,85,Portland,100
200612270SAC,2007,Wed,12,27,2006,7:00 pm,Philadelphia,76,Sacramento,101
200612270TOR,2007,Wed,12,27,2006,7:00 pm,Minnesota,97,Toronto,100
200612280DAL,2007,Thu,12,28,2006,7:00 pm,Phoenix,99,Dallas,101
200612280DEN,2007,Thu,12,28,2006,8:30 pm,Seattle,98,Denver,112
200612280SAS,2007,Thu,12,28,2006,7:00 pm,Utah,83,San Antonio,106
200612290CHA,2007,Fri,12,29,2006,7:00 pm,L.A. Lakers,124,Charlotte,133,3OT
200612290CLE,2007,Fri,12,29,2006,7:30 pm,Milwaukee,99,Cleveland,109
200612290DET,2007,Fri,12,29,2006,8:00 pm,Indiana,93,Detroit,92
200612290GSW,2007,Fri,12,29,2006,7:30 pm,Boston,100,Golden State,110
200612290HOU,2007,Fri,12,29,2006,7:30 pm,Atlanta,68,Houston,94
200612290LAC,2007,Fri,12,29,2006,7:30 pm,Sacramento,93,L.A. Clippers,102
200612290MIA,2007,Fri,12,29,2006,7:30 pm,Brooklyn,91,Miami,81
200612290MIN,2007,Fri,12,29,2006,7:00 pm,Seattle,82,Minnesota,101
200612290NOK,2007,Fri,12,29,2006,7:00 pm,Denver,89,New Orleans,99
200612290PHO,2007,Fri,12,29,2006,7:00 pm,New York,86,Phoenix,108
200612290POR,2007,Fri,12,29,2006,7:00 pm,Philadelphia,98,Portland,95
200612290TOR,2007,Fri,12,29,2006,7:00 pm,Chicago,107,Toronto,97
200612290WAS,2007,Fri,12,29,2006,7:00 pm,Orlando,111,Washington,112
200612300CHI,2007,Sat,12,30,2006,7:30 pm,Cleveland,96,Chicago,103
200612300DAL,2007,Sat,12,30,2006,7:30 pm,New Orleans,80,Dallas,94
200612300IND,2007,Sat,12,30,2006,7:00 pm,Charlotte,113,Indiana,102
200612300MEM,2007,Sat,12,30,2006,7:00 pm,Toronto,104,Memphis,110
200612300MIL,2007,Sat,12,30,2006,7:30 pm,Washington,102,Milwaukee,119
200612300NJN,2007,Sat,12,30,2006,7:30 pm,Minnesota,92,Brooklyn,100
200612300ORL,2007,Sat,12,30,2006,7:00 pm,Miami,68,Orlando,97
200612300SAC,2007,Sat,12,30,2006,7:00 pm,Golden State,96,Sacramento,119
200612300UTA,2007,Sat,12,30,2006,7:00 pm,Portland,86,Utah,96
200612310DEN,2007,Sun,12,31,2006,7:00 pm,Dallas,89,Denver,85
200612310DET,2007,Sun,12,31,2006,4:00 pm,Phoenix,108,Detroit,101
200612310HOU,2007,Sun,12,31,2006,6:00 pm,Memphis,109,Houston,111
200612310LAC,2007,Sun,12,31,2006,12:30 pm,New York,80,L.A. Clippers,90
200612310LAL,2007,Sun,12,31,2006,6:30 pm,Philadelphia,94,L.A. Lakers,104
200612310SAS,2007,Sun,12,31,2006,2:30 pm,Atlanta,81,San Antonio,95
200612310SEA,2007,Sun,12,31,2006,7:00 pm,Boston,95,Seattle,101
200610310LAL,2007,Tue,10,31,2006,7:30 pm,Phoenix,106,L.A. Lakers,114
200610310MIA,2007,Tue,10,31,2006,8:00 pm,Chicago,108,Miami,66
200704010ATL,2007,Sun,04,1,2007,2:00 pm,Chicago,105,Atlanta,97
200704010BOS,2007,Sun,04,1,2007,6:00 pm,Cleveland,96,Boston,98
200704010DET,2007,Sun,04,1,2007,1:00 pm,Miami,88,Detroit,94
200704010GSW,2007,Sun,04,1,2007,12:00 pm,Memphis,117,Golden State,122
200704010HOU,2007,Sun,04,1,2007,5:00 pm,Utah,86,Houston,83
200704010IND,2007,Sun,04,1,2007,7:00 pm,San Antonio,99,Indiana,100
200704010LAL,2007,Sun,04,1,2007,6:30 pm,Sacramento,103,L.A. Lakers,126
200704010MIL,2007,Sun,04,1,2007,2:30 pm,Washington,121,Milwaukee,107
200704010ORL,2007,Sun,04,1,2007,6:00 pm,Minnesota,105,Orlando,104,OT
200704010PHO,2007,Sun,04,1,2007,12:30 pm,Dallas,104,Phoenix,126
200704010SEA,2007,Sun,04,1,2007,6:00 pm,Denver,114,Seattle,103
200704010TOR,2007,Sun,04,1,2007,6:00 pm,Charlotte,94,Toronto,107
200704030CHA,2007,Tue,04,3,2007,7:00 pm,Washington,102,Charlotte,122
200704030IND,2007,Tue,04,3,2007,7:00 pm,Detroit,100,Indiana,85
200704030LAL,2007,Tue,04,3,2007,7:30 pm,Denver,111,L.A. Lakers,105
200704030MEM,2007,Tue,04,3,2007,7:00 pm,Phoenix,116,Memphis,111
200704030MIA,2007,Tue,04,3,2007,7:30 pm,Toronto,89,Miami,92
200704030MIL,2007,Tue,04,3,2007,7:00 pm,New Orleans,119,Milwaukee,101
200704030MIN,2007,Tue,04,3,2007,7:00 pm,Cleveland,101,Minnesota,88
200704030SAC,2007,Tue,04,3,2007,7:00 pm,Dallas,97,Sacramento,93
200704030SAS,2007,Tue,04,3,2007,7:00 pm,Seattle,91,San Antonio,110
200704040DEN,2007,Wed,04,4,2007,8:00 pm,Sacramento,115,Denver,120
200704040DET,2007,Wed,04,4,2007,7:30 pm,Chicago,106,Detroit,88
200704040HOU,2007,Wed,04,4,2007,7:30 pm,Golden State,110,Houston,99
200704040LAC,2007,Wed,04,4,2007,7:30 pm,L.A. Lakers,82,L.A. Clippers,90
200704040MIL,2007,Wed,04,4,2007,7:00 pm,Boston,89,Milwaukee,98
200704040NJN,2007,Wed,04,4,2007,7:30 pm,Atlanta,86,Brooklyn,101
200704040NOK,2007,Wed,04,4,2007,7:00 pm,Seattle,92,New Orleans,101,OT
200704040NYK,2007,Wed,04,4,2007,7:30 pm,Philadelphia,92,New York,90
200704040ORL,2007,Wed,04,4,2007,7:00 pm,Toronto,111,Orlando,108
200704040POR,2007,Wed,04,4,2007,7:00 pm,Utah,89,Portland,94
200704040WAS,2007,Wed,04,4,2007,7:00 pm,Charlotte,108,Washington,100
200704050CLE,2007,Thu,04,5,2007,7:00 pm,Miami,94,Cleveland,90,OT
200704050SAS,2007,Thu,04,5,2007,8:30 pm,Phoenix,85,San Antonio,92
200704060ATL,2007,Fri,04,6,2007,7:30 pm,Milwaukee,102,Atlanta,115
200704060BOS,2007,Fri,04,6,2007,7:30 pm,Miami,88,Boston,85
200704060CHA,2007,Fri,04,6,2007,7:00 pm,Indiana,112,Charlotte,102
200704060CHI,2007,Fri,04,6,2007,7:30 pm,Brooklyn,74,Chicago,105
200704060DEN,2007,Fri,04,6,2007,8:30 pm,Dallas,71,Denver,75
200704060HOU,2007,Fri,04,6,2007,7:30 pm,Portland,85,Houston,78
200704060MEM,2007,Fri,04,6,2007,7:00 pm,Golden State,116,Memphis,104
200704060NOK,2007,Fri,04,6,2007,7:00 pm,Phoenix,103,New Orleans,95
200704060NYK,2007,Fri,04,6,2007,7:30 pm,Minnesota,99,New York,94
200704060PHI,2007,Fri,04,6,2007,7:00 pm,Toronto,94,Philadelphia,85
200704060SAC,2007,Fri,04,6,2007,7:00 pm,Utah,103,Sacramento,107
200704060SEA,2007,Fri,04,6,2007,7:30 pm,L.A. Lakers,112,Seattle,109
200704060WAS,2007,Fri,04,6,2007,8:00 pm,Cleveland,99,Washington,94
200704070DAL,2007,Sat,04,7,2007,8:00 pm,Portland,74,Dallas,86
200704070IND,2007,Sat,04,7,2007,7:00 pm,Boston,98,Indiana,105
200704070LAC,2007,Sat,04,7,2007,7:30 pm,Denver,96,L.A. Clippers,93
200704070MIL,2007,Sat,04,7,2007,7:30 pm,New York,118,Milwaukee,113,OT
200704070MIN,2007,Sat,04,7,2007,7:00 pm,New Orleans,96,Minnesota,94
200704070NJN,2007,Sat,04,7,2007,7:30 pm,Washington,114,Brooklyn,120,OT
200704070ORL,2007,Sat,04,7,2007,7:00 pm,Memphis,89,Orlando,116
200704070SAS,2007,Sat,04,7,2007,7:00 pm,Golden State,99,San Antonio,112
200704070UTA,2007,Sat,04,7,2007,7:00 pm,Seattle,106,Utah,103
200704080DET,2007,Sun,04,8,2007,1:00 pm,Cleveland,82,Detroit,87
200704080LAL,2007,Sun,04,8,2007,12:30 pm,Phoenix,115,L.A. Lakers,107
200704080MIA,2007,Sun,04,8,2007,6:00 pm,Charlotte,111,Miami,103,OT
200704080PHI,2007,Sun,04,8,2007,7:30 pm,Atlanta,104,Philadelphia,109,OT
200704080SAC,2007,Sun,04,8,2007,6:00 pm,Houston,112,Sacramento,106
200704080TOR,2007,Sun,04,8,2007,6:00 pm,Chicago,89,Toronto,103
200704090DAL,2007,Mon,04,9,2007,7:30 pm,L.A. Clippers,86,Dallas,96
200704090DEN,2007,Mon,04,9,2007,7:00 pm,L.A. Lakers,111,Denver,115
200704090GSW,2007,Mon,04,9,2007,7:30 pm,Utah,102,Golden State,126
200704090MIL,2007,Mon,04,9,2007,7:00 pm,Orlando,117,Milwaukee,94
200704090MIN,2007,Mon,04,9,2007,7:00 pm,Toronto,111,Minnesota,100
200704090NYK,2007,Mon,04,9,2007,7:30 pm,Detroit,91,New York,83
200704090SAS,2007,Mon,04,9,2007,7:00 pm,Portland,96,San Antonio,112
200704090SEA,2007,Mon,04,9,2007,7:00 pm,Houston,95,Seattle,90
200704100ATL,2007,Tue,04,10,2007,7:00 pm,Boston,96,Atlanta,104
200704100CHA,2007,Tue,04,10,2007,7:00 pm,Miami,82,Charlotte,92
200704100CHI,2007,Tue,04,10,2007,7:30 pm,New York,69,Chicago,98
200704100MEM,2007,Tue,04,10,2007,7:00 pm,Sacramento,112,Memphis,100
200704100NOK,2007,Tue,04,10,2007,7:00 pm,L.A. Clippers,100,New Orleans,103,OT
200704100PHI,2007,Tue,04,10,2007,7:00 pm,Indiana,86,Philadelphia,90
200704100WAS,2007,Tue,04,10,2007,7:00 pm,Brooklyn,96,Washington,92
200704110BOS,2007,Wed,04,11,2007,7:30 pm,Philadelphia,102,Boston,94
200704110DET,2007,Wed,04,11,2007,8:00 pm,Orlando,99,Detroit,104
200704110MIA,2007,Wed,04,11,2007,7:30 pm,Washington,82,Miami,85
200704110MIL,2007,Wed,04,11,2007,7:00 pm,Indiana,104,Milwaukee,98
200704110MIN,2007,Wed,04,11,2007,7:00 pm,Dallas,105,Minnesota,88
200704110PHO,2007,Wed,04,11,2007,7:00 pm,Seattle,91,Phoenix,109
200704110POR,2007,Wed,04,11,2007,7:00 pm,Houston,99,Portland,95
200704110SAS,2007,Wed,04,11,2007,7:00 pm,Sacramento,100,San Antonio,109
200704110UTA,2007,Wed,04,11,2007,7:00 pm,Denver,115,Utah,106
200704120CLE,2007,Thu,04,12,2007,8:00 pm,Brooklyn,76,Cleveland,94
200704120LAL,2007,Thu,04,12,2007,7:30 pm,L.A. Clippers,118,L.A. Lakers,110
200704130ATL,2007,Fri,04,13,2007,7:30 pm,Washington,98,Atlanta,85
200704130BOS,2007,Fri,04,13,2007,7:30 pm,Milwaukee,104,Boston,102
200704130CHI,2007,Fri,04,13,2007,7:30 pm,Charlotte,81,Chicago,100
200704130DAL,2007,Fri,04,13,2007,7:30 pm,Utah,104,Dallas,89
200704130LAC,2007,Fri,04,13,2007,7:30 pm,Portland,89,L.A. Clippers,107
200704130MIA,2007,Fri,04,13,2007,8:00 pm,Indiana,96,Miami,100
200704130MIN,2007,Fri,04,13,2007,7:00 pm,San Antonio,110,Minnesota,91
200704130NJN,2007,Fri,04,13,2007,7:30 pm,New York,86,Brooklyn,100
200704130NOK,2007,Fri,04,13,2007,7:00 pm,Denver,107,New Orleans,105
200704130PHO,2007,Fri,04,13,2007,7:30 pm,L.A. Lakers,85,Phoenix,93
200704130SAC,2007,Fri,04,13,2007,7:00 pm,Golden State,125,Sacramento,108
200704130TOR,2007,Fri,04,13,2007,7:00 pm,Detroit,84,Toronto,87
200704140CLE,2007,Sat,04,14,2007,7:30 pm,Atlanta,76,Cleveland,110
200704140HOU,2007,Sat,04,14,2007,7:30 pm,New Orleans,112,Houston,123
200704140MEM,2007,Sat,04,14,2007,7:00 pm,Denver,118,Memphis,133
200704140MIL,2007,Sat,04,14,2007,7:30 pm,Charlotte,113,Milwaukee,92
200704140PHI,2007,Sat,04,14,2007,3:00 pm,Orlando,104,Philadelphia,87
200704140POR,2007,Sat,04,14,2007,7:00 pm,Seattle,102,Portland,108
200704140UTA,2007,Sat,04,14,2007,7:00 pm,Phoenix,126,Utah,98
200704150DAL,2007,Sun,04,15,2007,2:30 pm,San Antonio,86,Dallas,91
200704150DET,2007,Sun,04,15,2007,6:00 pm,Philadelphia,102,Detroit,91
200704150GSW,2007,Sun,04,15,2007,12:30 pm,Minnesota,108,Golden State,121
200704150IND,2007,Sun,04,15,2007,3:30 pm,Brooklyn,111,Indiana,107
200704150LAC,2007,Sun,04,15,2007,12:30 pm,Sacramento,105,L.A. Clippers,100
200704150LAL,2007,Sun,04,15,2007,6:30 pm,Seattle,98,L.A. Lakers,109
200704150ORL,2007,Sun,04,15,2007,6:00 pm,Boston,86,Orlando,88
200704150TOR,2007,Sun,04,15,2007,6:00 pm,New York,105,Toronto,107
200704150WAS,2007,Sun,04,15,2007,1:00 pm,Chicago,101,Washington,68
200704160DEN,2007,Mon,04,16,2007,7:00 pm,Minnesota,107,Denver,122
200704160HOU,2007,Mon,04,16,2007,7:30 pm,Phoenix,117,Houston,120
200704160MEM,2007,Mon,04,16,2007,7:00 pm,San Antonio,91,Memphis,101
200704160MIA,2007,Mon,04,16,2007,7:30 pm,Boston,91,Miami,89
200704160MIL,2007,Mon,04,16,2007,7:00 pm,Atlanta,96,Milwaukee,102
200704160NYK,2007,Mon,04,16,2007,7:30 pm,Brooklyn,104,New York,95
200704160SAC,2007,Mon,04,16,2007,7:00 pm,New Orleans,125,Sacramento,118
200704160UTA,2007,Mon,04,16,2007,7:00 pm,Portland,93,Utah,130
200704170ATL,2007,Tue,04,17,2007,7:00 pm,Indiana,102,Atlanta,118
200704170DET,2007,Tue,04,17,2007,7:30 pm,Toronto,84,Detroit,100
200704170GSW,2007,Tue,04,17,2007,7:30 pm,Dallas,82,Golden State,111
200704170PHI,2007,Tue,04,17,2007,7:00 pm,Cleveland,98,Philadelphia,92
200704170PHO,2007,Tue,04,17,2007,7:00 pm,L.A. Clippers,103,Phoenix,99
200704170WAS,2007,Tue,04,17,2007,7:00 pm,Orlando,95,Washington,89
200704180BOS,2007,Wed,04,18,2007,7:30 pm,Detroit,91,Boston,89
200704180CHA,2007,Wed,04,18,2007,7:00 pm,New York,94,Charlotte,93
200704180CLE,2007,Wed,04,18,2007,7:00 pm,Milwaukee,96,Cleveland,109
200704180IND,2007,Wed,04,18,2007,8:00 pm,Washington,98,Indiana,95
200704180LAC,2007,Wed,04,18,2007,7:30 pm,New Orleans,86,L.A. Clippers,83
200704180MIN,2007,Wed,04,18,2007,7:00 pm,Memphis,116,Minnesota,94
200704180NJN,2007,Wed,04,18,2007,7:30 pm,Chicago,97,Brooklyn,106
200704180ORL,2007,Wed,04,18,2007,7:00 pm,Miami,68,Orlando,94
200704180POR,2007,Wed,04,18,2007,7:00 pm,Golden State,120,Portland,98
200704180SAC,2007,Wed,04,18,2007,7:00 pm,L.A. Lakers,117,Sacramento,106
200704180SAS,2007,Wed,04,18,2007,7:00 pm,Denver,100,San Antonio,77
200704180SEA,2007,Wed,04,18,2007,7:00 pm,Dallas,106,Seattle,75
200704180TOR,2007,Wed,04,18,2007,7:00 pm,Philadelphia,122,Toronto,119
200704180UTA,2007,Wed,04,18,2007,7:00 pm,Houston,91,Utah,101
200704210CHI,2007,Sat,04,21,2007,2:00 pm,Miami,91,Chicago,96
200704210DET,2007,Sat,04,21,2007,7:00 pm,Orlando,92,Detroit,100
200704210HOU,2007,Sat,04,21,2007,8:30 pm,Utah,75,Houston,84
200704210TOR,2007,Sat,04,21,2007,12:30 pm,Brooklyn,96,Toronto,91
200704220CLE,2007,Sun,04,22,2007,12:30 pm,Washington,82,Cleveland,97
200704220DAL,2007,Sun,04,22,2007,8:30 pm,Golden State,97,Dallas,85
200704220PHO,2007,Sun,04,22,2007,12:00 pm,L.A. Lakers,87,Phoenix,95
200704220SAS,2007,Sun,04,22,2007,6:00 pm,Denver,95,San Antonio,89
200704230DET,2007,Mon,04,23,2007,7:00 pm,Orlando,90,Detroit,98
200704230HOU,2007,Mon,04,23,2007,8:30 pm,Utah,90,Houston,98
200704240CHI,2007,Tue,04,24,2007,7:00 pm,Miami,89,Chicago,107
200704240PHO,2007,Tue,04,24,2007,7:30 pm,L.A. Lakers,98,Phoenix,126
200704240TOR,2007,Tue,04,24,2007,7:00 pm,Brooklyn,83,Toronto,89
200704250CLE,2007,Wed,04,25,2007,8:00 pm,Washington,102,Cleveland,109
200704250DAL,2007,Wed,04,25,2007,8:30 pm,Golden State,99,Dallas,112
200704250SAS,2007,Wed,04,25,2007,6:00 pm,Denver,88,San Antonio,97
200704260LAL,2007,Thu,04,26,2007,7:30 pm,Phoenix,89,L.A. Lakers,95
200704260ORL,2007,Thu,04,26,2007,8:00 pm,Detroit,93,Orlando,77
200704260UTA,2007,Thu,04,26,2007,7:00 pm,Houston,67,Utah,81
200704270GSW,2007,Fri,04,27,2007,7:30 pm,Dallas,91,Golden State,109
200704270MIA,2007,Fri,04,27,2007,8:00 pm,Chicago,104,Miami,96
200704270NJN,2007,Fri,04,27,2007,7:00 pm,Toronto,89,Brooklyn,102
200704280DEN,2007,Sat,04,28,2007,6:00 pm,San Antonio,96,Denver,91
200704280ORL,2007,Sat,04,28,2007,3:00 pm,Detroit,97,Orlando,93
200704280UTA,2007,Sat,04,28,2007,8:30 pm,Houston,85,Utah,98
200704280WAS,2007,Sat,04,28,2007,5:30 pm,Cleveland,98,Washington,92
200704290GSW,2007,Sun,04,29,2007,7:00 pm,Dallas,99,Golden State,103
200704290LAL,2007,Sun,04,29,2007,12:30 pm,Phoenix,113,L.A. Lakers,100
200704290MIA,2007,Sun,04,29,2007,1:00 pm,Chicago,92,Miami,79
200704290NJN,2007,Sun,04,29,2007,7:30 pm,Toronto,81,Brooklyn,102
200704300DEN,2007,Mon,04,30,2007,8:30 pm,San Antonio,96,Denver,89
200704300HOU,2007,Mon,04,30,2007,7:00 pm,Utah,92,Houston,96
200704300WAS,2007,Mon,04,30,2007,7:00 pm,Cleveland,97,Washington,90
200703010DAL,2007,Thu,03,1,2007,7:00 pm,Cleveland,92,Dallas,95
200703010POR,2007,Thu,03,1,2007,7:00 pm,Charlotte,90,Portland,127
200703010SEA,2007,Thu,03,1,2007,7:30 pm,L.A. Clippers,75,Seattle,77
200703020CHI,2007,Fri,03,2,2007,7:30 pm,New Orleans,93,Chicago,104
200703020DEN,2007,Fri,03,2,2007,8:30 pm,Houston,108,Denver,97
200703020LAL,2007,Fri,03,2,2007,7:30 pm,Sacramento,116,L.A. Lakers,108
200703020MIA,2007,Fri,03,2,2007,8:00 pm,Detroit,82,Miami,85
200703020MIN,2007,Fri,03,2,2007,7:00 pm,Utah,109,Minnesota,83
200703020NYK,2007,Fri,03,2,2007,7:30 pm,Golden State,97,New York,106
200703020PHI,2007,Fri,03,2,2007,7:00 pm,Memphis,112,Philadelphia,117,OT
200703020PHO,2007,Fri,03,2,2007,7:00 pm,Indiana,90,Phoenix,115
200703020SAS,2007,Fri,03,2,2007,7:00 pm,Orlando,74,San Antonio,98
200703020TOR,2007,Fri,03,2,2007,7:00 pm,Milwaukee,94,Toronto,81
200703020WAS,2007,Fri,03,2,2007,7:00 pm,Atlanta,92,Washington,93
200703030ATL,2007,Sat,03,3,2007,7:00 pm,New York,104,Atlanta,100,OT
200703030CLE,2007,Sat,03,3,2007,7:30 pm,Toronto,97,Cleveland,120
200703030DAL,2007,Sat,03,3,2007,8:00 pm,Orlando,98,Dallas,103
200703030HOU,2007,Sat,03,3,2007,7:30 pm,San Antonio,97,Houston,74
200703030LAC,2007,Sat,03,3,2007,7:30 pm,Indiana,64,L.A. Clippers,87
200703030MEM,2007,Sat,03,3,2007,7:00 pm,Detroit,92,Memphis,89
200703030NJN,2007,Sat,03,3,2007,1:00 pm,Boston,96,Brooklyn,88,OT
200703030POR,2007,Sat,03,3,2007,7:00 pm,Sacramento,104,Portland,96
200703040BOS,2007,Sun,03,4,2007,12:30 pm,Minnesota,117,Boston,124,2OT
200703040MIL,2007,Sun,03,4,2007,2:00 pm,Chicago,126,Milwaukee,121,OT
200703040NOK,2007,Sun,03,4,2007,7:00 pm,Utah,108,New Orleans,94
200703040PHI,2007,Sun,03,4,2007,6:00 pm,Brooklyn,86,Philadelphia,99
200703040PHO,2007,Sun,03,4,2007,1:30 pm,L.A. Lakers,94,Phoenix,99
200703040SEA,2007,Sun,03,4,2007,6:00 pm,Charlotte,89,Seattle,96
200703040WAS,2007,Sun,03,4,2007,1:00 pm,Golden State,106,Washington,107
200703050CLE,2007,Mon,03,5,2007,7:00 pm,Houston,85,Cleveland,91
200703050DET,2007,Mon,03,5,2007,7:30 pm,Golden State,111,Detroit,93
200703050LAC,2007,Mon,03,5,2007,7:30 pm,San Antonio,88,L.A. Clippers,74
200703050MIA,2007,Mon,03,5,2007,7:30 pm,Atlanta,81,Miami,88
200703050ORL,2007,Mon,03,5,2007,7:00 pm,Milwaukee,81,Orlando,99
200703050UTA,2007,Mon,03,5,2007,7:00 pm,Charlotte,95,Utah,120
200703060DAL,2007,Tue,03,6,2007,7:30 pm,Brooklyn,89,Dallas,102
200703060DEN,2007,Tue,03,6,2007,7:00 pm,New Orleans,91,Denver,106
200703060MIN,2007,Tue,03,6,2007,7:00 pm,L.A. Lakers,107,Minnesota,117,2OT
200703060NYK,2007,Tue,03,6,2007,7:30 pm,Seattle,100,New York,99
200703060POR,2007,Tue,03,6,2007,7:00 pm,San Antonio,99,Portland,94
200703060SAC,2007,Tue,03,6,2007,7:00 pm,Indiana,98,Sacramento,102
200703060WAS,2007,Tue,03,6,2007,7:00 pm,Toronto,109,Washington,129
200703070ATL,2007,Wed,03,7,2007,7:00 pm,Washington,97,Atlanta,100
200703070BOS,2007,Wed,03,7,2007,7:30 pm,Houston,111,Boston,80
200703070DET,2007,Wed,03,7,2007,7:30 pm,Cleveland,101,Detroit,97,OT
200703070GSW,2007,Wed,03,7,2007,7:30 pm,Denver,96,Golden State,110
200703070MIA,2007,Wed,03,7,2007,7:30 pm,Chicago,70,Miami,103
200703070MIL,2007,Wed,03,7,2007,7:00 pm,L.A. Lakers,90,Milwaukee,110
200703070PHI,2007,Wed,03,7,2007,7:00 pm,Seattle,89,Philadelphia,92
200703070PHO,2007,Wed,03,7,2007,7:00 pm,Charlotte,106,Phoenix,115,OT
200703070TOR,2007,Wed,03,7,2007,7:00 pm,Memphis,87,Toronto,94
200703070UTA,2007,Wed,03,7,2007,7:00 pm,Indiana,72,Utah,94
200703080ORL,2007,Thu,03,8,2007,8:00 pm,Chicago,100,Orlando,76
200703080SAC,2007,Thu,03,8,2007,7:30 pm,San Antonio,100,Sacramento,93
200703090ATL,2007,Fri,03,9,2007,7:30 pm,Memphis,105,Atlanta,106
200703090BOS,2007,Fri,03,9,2007,7:30 pm,Seattle,103,Boston,118
200703090DEN,2007,Fri,03,9,2007,7:00 pm,Detroit,95,Denver,82
200703090GSW,2007,Fri,03,9,2007,7:30 pm,L.A. Clippers,89,Golden State,99
200703090HOU,2007,Fri,03,9,2007,7:30 pm,Brooklyn,91,Houston,112
200703090MIA,2007,Fri,03,9,2007,7:30 pm,Minnesota,91,Miami,105
200703090PHI,2007,Fri,03,9,2007,7:00 pm,L.A. Lakers,92,Philadelphia,108
200703090PHO,2007,Fri,03,9,2007,7:00 pm,New Orleans,103,Phoenix,104
200703100ATL,2007,Sat,03,10,2007,7:00 pm,Minnesota,93,Atlanta,99
200703100CHA,2007,Sat,03,10,2007,7:00 pm,Memphis,115,Charlotte,107
200703100IND,2007,Sat,03,10,2007,7:00 pm,Philadelphia,100,Indiana,96
200703100MIL,2007,Sat,03,10,2007,7:30 pm,Cleveland,94,Milwaukee,92
200703100SAS,2007,Sat,03,10,2007,7:00 pm,Brooklyn,77,San Antonio,93
200703100UTA,2007,Sat,03,10,2007,7:00 pm,New Orleans,86,Utah,96
200703100WAS,2007,Sat,03,10,2007,7:00 pm,New York,90,Washington,89
200703110BOS,2007,Sun,03,11,2007,6:00 pm,Chicago,94,Boston,78
200703110CLE,2007,Sun,03,11,2007,6:00 pm,Indiana,88,Cleveland,99
200703110HOU,2007,Sun,03,11,2007,5:30 pm,Orlando,92,Houston,103
200703110LAC,2007,Sun,03,11,2007,12:00 pm,Detroit,98,L.A. Clippers,80
200703110LAL,2007,Sun,03,11,2007,6:00 pm,Dallas,108,L.A. Lakers,72
200703110MIA,2007,Sun,03,11,2007,6:00 pm,Washington,104,Miami,106
200703110POR,2007,Sun,03,11,2007,6:00 pm,Golden State,87,Portland,106
200703110SAC,2007,Sun,03,11,2007,12:30 pm,Denver,113,Sacramento,101
200703110TOR,2007,Sun,03,11,2007,1:00 pm,Seattle,119,Toronto,120,OT
200703120CHA,2007,Mon,03,12,2007,7:00 pm,Orlando,108,Charlotte,119
200703120GSW,2007,Mon,03,12,2007,7:30 pm,Dallas,100,Golden State,117
200703120MEM,2007,Mon,03,12,2007,7:00 pm,Brooklyn,113,Memphis,102
200703120MIL,2007,Mon,03,12,2007,7:00 pm,Toronto,108,Milwaukee,93
200703120PHO,2007,Mon,03,12,2007,7:00 pm,Houston,82,Phoenix,103
200703130ATL,2007,Tue,03,13,2007,7:00 pm,Philadelphia,92,Atlanta,104
200703130CHI,2007,Tue,03,13,2007,7:30 pm,Boston,87,Chicago,95
200703130CLE,2007,Tue,03,13,2007,7:00 pm,Sacramento,100,Cleveland,124
200703130DEN,2007,Tue,03,13,2007,7:00 pm,Portland,99,Denver,107
200703130MIA,2007,Tue,03,13,2007,7:30 pm,Utah,86,Miami,88
200703130MIN,2007,Tue,03,13,2007,7:00 pm,Indiana,81,Minnesota,86
200703130NOK,2007,Tue,03,13,2007,7:00 pm,Brooklyn,112,New Orleans,108
200703130SAS,2007,Tue,03,13,2007,7:00 pm,L.A. Clippers,84,San Antonio,93
200703130SEA,2007,Tue,03,13,2007,7:00 pm,Detroit,101,Seattle,97
200703140BOS,2007,Wed,03,14,2007,7:30 pm,Atlanta,88,Boston,109
200703140CHA,2007,Wed,03,14,2007,7:00 pm,Sacramento,108,Charlotte,111
200703140DAL,2007,Wed,03,14,2007,8:00 pm,Phoenix,129,Dallas,127,2OT
200703140HOU,2007,Wed,03,14,2007,7:30 pm,L.A. Clippers,105,Houston,109
200703140IND,2007,Wed,03,14,2007,7:00 pm,Washington,112,Indiana,96
200703140MEM,2007,Wed,03,14,2007,7:00 pm,Cleveland,118,Memphis,96
200703140ORL,2007,Wed,03,14,2007,7:00 pm,Utah,90,Orlando,101
200703140PHI,2007,Wed,03,14,2007,7:00 pm,Chicago,88,Philadelphia,87
200703140POR,2007,Wed,03,14,2007,7:00 pm,Detroit,87,Portland,75
200703140TOR,2007,Wed,03,14,2007,7:00 pm,New York,94,Toronto,104
200703150DEN,2007,Thu,03,15,2007,8:30 pm,L.A. Lakers,86,Denver,113
200703150MIL,2007,Thu,03,15,2007,7:00 pm,San Antonio,90,Milwaukee,101
200703150NJN,2007,Thu,03,15,2007,8:00 pm,Miami,93,Brooklyn,86
200703160CHA,2007,Fri,03,16,2007,7:00 pm,L.A. Clippers,102,Charlotte,93
200703160DAL,2007,Fri,03,16,2007,7:30 pm,Boston,101,Dallas,106
200703160GSW,2007,Fri,03,16,2007,7:30 pm,Minnesota,86,Golden State,106
200703160LAL,2007,Fri,03,16,2007,7:30 pm,Portland,111,L.A. Lakers,116,OT
200703160MIA,2007,Fri,03,16,2007,7:30 pm,Sacramento,97,Miami,103
200703160NYK,2007,Fri,03,16,2007,7:30 pm,New Orleans,92,New York,90
200703160PHI,2007,Fri,03,16,2007,7:00 pm,Utah,88,Philadelphia,89
200703160PHO,2007,Fri,03,16,2007,7:00 pm,Detroit,105,Phoenix,83
200703160TOR,2007,Fri,03,16,2007,7:00 pm,Houston,114,Toronto,100
200703170CLE,2007,Sat,03,17,2007,7:30 pm,Utah,73,Cleveland,82
200703170DEN,2007,Sat,03,17,2007,8:00 pm,Phoenix,107,Denver,131
200703170IND,2007,Sat,03,17,2007,7:00 pm,Atlanta,90,Indiana,113
200703170MEM,2007,Sat,03,17,2007,7:00 pm,Chicago,103,Memphis,104
200703170MIL,2007,Sat,03,17,2007,7:30 pm,Charlotte,91,Milwaukee,97
200703170ORL,2007,Sat,03,17,2007,7:00 pm,Sacramento,95,Orlando,83
200703170SAS,2007,Sat,03,17,2007,7:00 pm,Boston,91,San Antonio,85
200703170SEA,2007,Sat,03,17,2007,7:00 pm,Golden State,99,Seattle,98
200703170WAS,2007,Sat,03,17,2007,7:00 pm,New Orleans,103,Washington,125
200703180DET,2007,Sun,03,18,2007,3:30 pm,Dallas,92,Detroit,88
200703180LAL,2007,Sun,03,18,2007,5:00 pm,Minnesota,102,L.A. Lakers,109
200703180MIA,2007,Sun,03,18,2007,6:00 pm,Orlando,97,Miami,83
200703180NJN,2007,Sun,03,18,2007,6:00 pm,L.A. Clippers,95,Brooklyn,101
200703180NYK,2007,Sun,03,18,2007,12:00 pm,Toronto,74,New York,92
200703180PHI,2007,Sun,03,18,2007,6:00 pm,Houston,124,Philadelphia,74
200703180POR,2007,Sun,03,18,2007,6:00 pm,Seattle,95,Portland,77
200703190ATL,2007,Mon,03,19,2007,7:00 pm,Sacramento,76,Atlanta,99
200703190NOK,2007,Mon,03,19,2007,7:00 pm,Boston,88,New Orleans,106
200703200CHA,2007,Tue,03,20,2007,7:00 pm,Cleveland,100,Charlotte,108,OT
200703200CHI,2007,Tue,03,20,2007,7:30 pm,L.A. Clippers,103,Chicago,89
200703200DET,2007,Tue,03,20,2007,7:30 pm,Philadelphia,75,Detroit,96
200703200HOU,2007,Tue,03,20,2007,8:30 pm,Indiana,76,Houston,86
200703200MEM,2007,Tue,03,20,2007,7:00 pm,New Orleans,114,Memphis,103
200703200NJN,2007,Tue,03,20,2007,7:00 pm,Denver,94,Brooklyn,90
200703200NYK,2007,Tue,03,20,2007,7:30 pm,Dallas,92,New York,77
200703200PHO,2007,Tue,03,20,2007,7:00 pm,Minnesota,90,Phoenix,108
200703200POR,2007,Tue,03,20,2007,7:00 pm,Washington,98,Portland,100
200703200UTA,2007,Tue,03,20,2007,7:00 pm,Golden State,100,Utah,104
200703210ATL,2007,Wed,03,21,2007,7:00 pm,Miami,91,Atlanta,83
200703210BOS,2007,Wed,03,21,2007,7:30 pm,Charlotte,92,Boston,84
200703210CLE,2007,Wed,03,21,2007,8:00 pm,Dallas,98,Cleveland,90
200703210MIL,2007,Wed,03,21,2007,7:00 pm,L.A. Clippers,104,Milwaukee,103
200703210SAC,2007,Wed,03,21,2007,7:00 pm,Minnesota,95,Sacramento,89
200703210SAS,2007,Wed,03,21,2007,7:00 pm,Indiana,72,San Antonio,90
200703210SEA,2007,Wed,03,21,2007,7:00 pm,Washington,108,Seattle,106
200703210TOR,2007,Wed,03,21,2007,7:00 pm,Orlando,85,Toronto,92
200703220CHI,2007,Thu,03,22,2007,7:30 pm,Denver,108,Chicago,109
200703220HOU,2007,Thu,03,22,2007,7:30 pm,Detroit,85,Houston,91
200703220MEM,2007,Thu,03,22,2007,7:00 pm,L.A. Lakers,121,Memphis,119
200703220NYK,2007,Thu,03,22,2007,7:30 pm,Portland,92,New York,86
200703220PHO,2007,Thu,03,22,2007,7:00 pm,Sacramento,100,Phoenix,118
200703230ATL,2007,Fri,03,23,2007,7:30 pm,Portland,102,Atlanta,100,OT
200703230BOS,2007,Fri,03,23,2007,7:30 pm,Dallas,109,Boston,95
200703230CLE,2007,Fri,03,23,2007,7:30 pm,New York,68,Cleveland,90
200703230GSW,2007,Fri,03,23,2007,7:30 pm,Washington,128,Golden State,135
200703230IND,2007,Fri,03,23,2007,7:00 pm,Miami,70,Indiana,95
200703230LAC,2007,Fri,03,23,2007,7:30 pm,Utah,72,L.A. Clippers,104
200703230NOK,2007,Fri,03,23,2007,7:00 pm,L.A. Lakers,111,New Orleans,105,"at New Orleans, LA"
200703230ORL,2007,Fri,03,23,2007,7:00 pm,Brooklyn,82,Orlando,90
200703230PHI,2007,Fri,03,23,2007,7:00 pm,Charlotte,97,Philadelphia,106
200703230SAS,2007,Fri,03,23,2007,7:00 pm,Detroit,89,San Antonio,90
200703230SEA,2007,Fri,03,23,2007,7:30 pm,Minnesota,82,Seattle,85
200703230TOR,2007,Fri,03,23,2007,7:00 pm,Denver,94,Toronto,121
200703240CHA,2007,Sat,03,24,2007,7:00 pm,Brooklyn,113,Charlotte,107,OT
200703240LAC,2007,Sat,03,24,2007,7:30 pm,Washington,105,L.A. Clippers,111
200703240MIA,2007,Sat,03,24,2007,7:30 pm,Philadelphia,93,Miami,85
200703240UTA,2007,Sat,03,24,2007,7:00 pm,Memphis,108,Utah,118
200703250ATL,2007,Sun,03,25,2007,1:00 pm,Dallas,104,Atlanta,97
200703250CLE,2007,Sun,03,25,2007,8:00 pm,Denver,105,Cleveland,93
200703250IND,2007,Sun,03,25,2007,3:30 pm,Chicago,92,Indiana,90
200703250LAL,2007,Sun,03,25,2007,6:30 pm,Golden State,113,L.A. Lakers,115
200703250MIL,2007,Sun,03,25,2007,2:30 pm,Detroit,121,Milwaukee,95
200703250MIN,2007,Sun,03,25,2007,2:30 pm,Portland,93,Minnesota,94
200703250NOK,2007,Sun,03,25,2007,7:00 pm,Houston,94,New Orleans,106
200703250SAC,2007,Sun,03,25,2007,12:30 pm,Phoenix,100,Sacramento,107
200703250SEA,2007,Sun,03,25,2007,6:00 pm,San Antonio,120,Seattle,79
200703260BOS,2007,Mon,03,26,2007,7:30 pm,Toronto,87,Boston,95
200703260CHI,2007,Mon,03,26,2007,7:30 pm,Portland,89,Chicago,100
200703260DET,2007,Mon,03,26,2007,7:30 pm,Denver,109,Detroit,113,OT
200703260GSW,2007,Mon,03,26,2007,7:30 pm,San Antonio,126,Golden State,89
200703260HOU,2007,Mon,03,26,2007,7:30 pm,Milwaukee,87,Houston,106
200703260MIA,2007,Mon,03,26,2007,7:30 pm,Atlanta,89,Miami,106
200703260NYK,2007,Mon,03,26,2007,7:30 pm,Orlando,94,New York,89
200703260PHO,2007,Mon,03,26,2007,7:00 pm,Memphis,87,Phoenix,105
200703260UTA,2007,Mon,03,26,2007,7:00 pm,Washington,97,Utah,103
200703270IND,2007,Tue,03,27,2007,7:00 pm,Cleveland,105,Indiana,94
200703270LAL,2007,Tue,03,27,2007,7:30 pm,Memphis,88,L.A. Lakers,86
200703270MIN,2007,Tue,03,27,2007,7:00 pm,Seattle,114,Minnesota,106
200703270NOK,2007,Tue,03,27,2007,7:00 pm,Dallas,105,New Orleans,89
200703280BOS,2007,Wed,03,28,2007,7:30 pm,Orlando,96,Boston,105,2OT
200703280CHA,2007,Wed,03,28,2007,7:00 pm,Atlanta,87,Charlotte,101
200703280DAL,2007,Wed,03,28,2007,7:30 pm,Milwaukee,103,Dallas,105
200703280DEN,2007,Wed,03,28,2007,7:00 pm,Seattle,100,Denver,97
200703280LAC,2007,Wed,03,28,2007,7:00 pm,Houston,92,L.A. Clippers,87
200703280NJN,2007,Wed,03,28,2007,7:30 pm,Indiana,94,Brooklyn,118
200703280NYK,2007,Wed,03,28,2007,7:30 pm,Cleveland,93,New York,97
200703280SAS,2007,Wed,03,28,2007,7:00 pm,New Orleans,88,San Antonio,92
200703280TOR,2007,Wed,03,28,2007,7:00 pm,Miami,83,Toronto,96
200703280UTA,2007,Wed,03,28,2007,7:00 pm,Minnesota,102,Utah,108
200703280WAS,2007,Wed,03,28,2007,7:00 pm,Philadelphia,108,Washington,111
200703290CHI,2007,Thu,03,29,2007,7:00 pm,Detroit,81,Chicago,83
200703290GSW,2007,Thu,03,29,2007,7:30 pm,Phoenix,119,Golden State,124
200703290POR,2007,Thu,03,29,2007,7:00 pm,Memphis,96,Portland,92
200703300CHA,2007,Fri,03,30,2007,7:00 pm,Milwaukee,81,Charlotte,97
200703300DAL,2007,Fri,03,30,2007,7:30 pm,New York,103,Dallas,105
200703300DET,2007,Fri,03,30,2007,8:00 pm,Brooklyn,105,Detroit,110
200703300LAL,2007,Fri,03,30,2007,7:30 pm,Houston,107,L.A. Lakers,104,OT
200703300MIN,2007,Fri,03,30,2007,7:00 pm,Miami,92,Minnesota,77
200703300ORL,2007,Fri,03,30,2007,8:00 pm,Indiana,87,Orlando,95
200703300PHI,2007,Fri,03,30,2007,7:00 pm,Boston,82,Philadelphia,88
200703300PHO,2007,Fri,03,30,2007,7:00 pm,Denver,108,Phoenix,125
200703300SAC,2007,Fri,03,30,2007,7:30 pm,L.A. Clippers,105,Sacramento,101
200703300SAS,2007,Fri,03,30,2007,7:00 pm,Utah,93,San Antonio,102
200703300SEA,2007,Fri,03,30,2007,7:30 pm,Memphis,93,Seattle,120
200703300WAS,2007,Fri,03,30,2007,7:00 pm,Toronto,123,Washington,118,OT
200703310CHI,2007,Sat,03,31,2007,2:00 pm,Cleveland,112,Chicago,108,OT
200703310NJN,2007,Sat,03,31,2007,7:30 pm,Philadelphia,82,Brooklyn,86
200703310NOK,2007,Sat,03,31,2007,7:00 pm,New York,94,New Orleans,103,OT
200703310POR,2007,Sat,03,31,2007,7:00 pm,L.A. Clippers,99,Portland,86
